Species_name,variable,value
Abies amabilis,Woodiness,woody
Abies grandis,Woodiness,woody
Abies lasiocarpa,Woodiness,woody
Acer circinatum,Woodiness,woody
Acer glabrum,Woodiness,woody
Acer macrophyllum,Woodiness,woody
Achillea millefolium,Woodiness,non-woody
Achlys triphylla,Woodiness,non-woody
Actaea rubra,Woodiness,non-woody
Adiantum pedatum,Woodiness,non-woody
Agoseris glauca,Woodiness,non-woody
Allium cernuum,Woodiness,non-woody
Allium geyeri,Woodiness,non-woody
Allium schoenoprasum,Woodiness,non-woody
Alnus alnobetula subsp. crispa,Woodiness,woody
Alnus alnobetula subsp. sinuata,Woodiness,woody
Alnus incana subsp. tenuifolia,Woodiness,woody
Alnus rubra,Woodiness,woody
Amelanchier alnifolia,Woodiness,woody
Anaphalis margaritacea,Woodiness,non-woody
Anemone multifida,Woodiness,non-woody
Angelica lucida,Woodiness,non-woody
Antennaria neglecta,Woodiness,non-woody
Anticlea elegans,Woodiness,non-woody
Apocynum androsaemifolium,Woodiness,non-woody
Apocynum cannabinum,Woodiness,non-woody
Aquilegia formosa,Woodiness,non-woody
Aralia nudicaulis,Woodiness,non-woody
Arbutus menziesii,Woodiness,woody
Arctostaphylos uva-ursi,Woodiness,woody
Arctous alpina,Woodiness,woody
Arnica cordifolia,Woodiness,non-woody
Artemisia dracunculus,Woodiness,non-woody
Artemisia frigida,Woodiness,woody
Artemisia ludoviciana,Woodiness,non-woody
Artemisia tilesii,Woodiness,non-woody
Artemisia tridentata,Woodiness,woody
Aruncus dioicus,Woodiness,non-woody
Asclepias speciosa,Woodiness,non-woody
Aster conspicuus,Woodiness,non-woody
Athyrium filix-femina,Woodiness,non-woody
Balsamorhiza sagittata,Woodiness,non-woody
Berberis nervosa,Woodiness,woody
Betula nana,Woodiness,woody
Betula occidentalis,Woodiness,woody
Betula papyrifera,Woodiness,woody
Betula pumila,Woodiness,woody
Blechnum spicant,Woodiness,non-woody
Bromus carinatus,Woodiness,non-woody
Calamagrostis rubescens,Woodiness,non-woody
Calochortus macrocarpus,Woodiness,non-woody
Calypso bulbosa,Woodiness,non-woody
Camassia leichtlinii,Woodiness,non-woody
Camassia quamash,Woodiness,non-woody
Campanula rotundifolia,Woodiness,non-woody
Carex obnupta,Woodiness,non-woody
Carex rostrata,Woodiness,non-woody
Castilleja hispida,Woodiness,non-woody
Castilleja miniata,Woodiness,non-woody
Ceanothus sanguineus,Woodiness,woody
Ceanothus velutinus,Woodiness,woody
Chenopodium capitatum,Woodiness,non-woody
Chimaphila umbellata,Woodiness,woody
Cicuta douglasii,Woodiness,non-woody
Cicuta virosa,Woodiness,non-woody
Cirsium arvense,Woodiness,non-woody
Cirsium brevistylum,Woodiness,non-woody
Cirsium undulatum,Woodiness,non-woody
Cirsium vulgare,Woodiness,non-woody
Claytonia lanceolata,Woodiness,non-woody
Claytonia sibirica,Woodiness,non-woody
Clematis columbiana,Woodiness,woody
Clematis ligusticifolia,Woodiness,woody
Clematis occidentalis,Woodiness,woody
Clintonia uniflora,Woodiness,non-woody
Comandra umbellata,Woodiness,non-woody
Comarum palustre,Woodiness,non-woody
Cornus canadensis,Woodiness,non-woody
Cornus nuttallii,Woodiness,woody
Cornus sericea,Woodiness,woody
Cornus suecica,Woodiness,non-woody
Corylus cornuta,Woodiness,woody
Crataegus douglasii,Woodiness,woody
Cupressus nootkatensis,Woodiness,woody
Dasiphora fruticosa,Woodiness,non-woody
Delphinium nuttallianum,Woodiness,non-woody
Dicentra formosa,Woodiness,non-woody
Dodecatheon hendersonii,Woodiness,non-woody
Dodecatheon jeffreyi,Woodiness,non-woody
Dodecatheon meadia,Woodiness,non-woody
Dodecatheon pulchellum,Woodiness,non-woody
Drosera anglica,Woodiness,non-woody
Drosera rotundifolia,Woodiness,non-woody
Dryopteris expansa,Woodiness,non-woody
Elaeagnus commutata,Woodiness,woody
Elymus spicatus,Woodiness,non-woody
Empetrum nigrum,Woodiness,woody
Epilobium angustifolium,Woodiness,non-woody
Equisetum arvense,Woodiness,non-woody
Equisetum hyemale,Woodiness,non-woody
Equisetum telmateia,Woodiness,non-woody
Ericameria nauseosa,Woodiness,woody
Eriophorum angustifolium,Woodiness,non-woody
Erythronium grandiflorum,Woodiness,non-woody
Fragaria chiloensis,Woodiness,non-woody
Fragaria vesca,Woodiness,non-woody
Fragaria virginiana,Woodiness,non-woody
Frangula purshiana,Woodiness,woody
Fritillaria affinis,Woodiness,non-woody
Fritillaria pudica,Woodiness,non-woody
Gaillardia aristata,Woodiness,non-woody
Galium aparine,Woodiness,non-woody
Galium triflorum,Woodiness,non-woody
Gaultheria shallon,Woodiness,woody
Geranium viscosissimum,Woodiness,non-woody
Geum macrophyllum,Woodiness,non-woody
Geum triflorum,Woodiness,non-woody
Goodyera oblongifolia,Woodiness,non-woody
Gymnocarpium dryopteris,Woodiness,non-woody
Hedysarum alpinum,Woodiness,non-woody
Heracleum maximum,Woodiness,non-woody
Heuchera cylindrica,Woodiness,non-woody
Hierochloe odorata,Woodiness,non-woody
Holodiscus discolor,Woodiness,woody
Hordeum jubatum,Woodiness,non-woody
Juncus effusus,Woodiness,non-woody
Juniperus communis,Woodiness,woody
Juniperus maritima,Woodiness,woody
Juniperus scopulorum,Woodiness,woody
Kalmia microphylla,Woodiness,woody
Lappula redowskii,Woodiness,non-woody
Larix laricina,Woodiness,woody
Larix occidentalis,Woodiness,woody
Lathyrus japonicus,Woodiness,non-woody
Lathyrus nevadensis,Woodiness,non-woody
Lathyrus ochroleucus,Woodiness,non-woody
Ledum glandulosum,Woodiness,woody
Ledum palustre subsp. groenlandicum,Woodiness,woody
Lewisia rediviva,Woodiness,non-woody
Leymus cinereus,Woodiness,non-woody
Leymus mollis,Woodiness,non-woody
Ligusticum scoticum,Woodiness,non-woody
Lilium columbianum,Woodiness,non-woody
Linnaea borealis,Woodiness,non-woody
Lithospermum ruderale,Woodiness,non-woody
Lomatium canbyi,Woodiness,non-woody
Lomatium cous,Woodiness,non-woody
Lomatium dissectum,Woodiness,non-woody
Lomatium nudicaule,Woodiness,non-woody
Lonicera ciliosa,Woodiness,woody
Lonicera involucrata,Woodiness,woody
Lupinus nootkatensis,Woodiness,non-woody
Lupinus polyphyllus,Woodiness,non-woody
Lycopodium clavatum,Woodiness,non-woody
Lysichiton americanus,Woodiness,non-woody
Lysimachia maritima,Woodiness,non-woody
Maianthemum dilatatum,Woodiness,non-woody
Maianthemum racemosum,Woodiness,non-woody
Malus fusca,Woodiness,woody
Mentha arvensis,Woodiness,non-woody
Menziesia ferruginea,Woodiness,woody
Moneses uniflora,Woodiness,non-woody
Monotropa uniflora,Woodiness,non-woody
Myrica gale,Woodiness,woody
Nicotiana attenuata,Woodiness,non-woody
Nicotiana quadrivalvis,Woodiness,non-woody
Nicotiana tabacum,Woodiness,non-woody
Nuphar lutea,Woodiness,non-woody
Oemleria cerasiformis,Woodiness,woody
Oenanthe sarmentosa,Woodiness,non-woody
Oplopanax horridus,Woodiness,woody
Opuntia fragilis,Woodiness,non-woody
Opuntia polyacantha,Woodiness,non-woody
Osmorhiza berteroi,Woodiness,non-woody
Osmorhiza occidentalis,Woodiness,non-woody
Oxalis oregana,Woodiness,non-woody
Oxyria digyna,Woodiness,non-woody
Paxistima myrsinites,Woodiness,woody
Penstemon fruticosus,Woodiness,woody
Perideridia gairdneri,Woodiness,non-woody
Petasites frigidus,Woodiness,non-woody
Phalaris arundinacea,Woodiness,non-woody
Philadelphus lewisii,Woodiness,woody
Phyllospadix iwatensis,Woodiness,non-woody
Physocarpus capitatus,Woodiness,woody
Physocarpus malvaceus,Woodiness,woody
Picea engelmannii,Woodiness,woody
Picea glauca,Woodiness,woody
Picea mariana,Woodiness,woody
Picea sitchensis,Woodiness,woody
Pinus albicaulis,Woodiness,woody
Pinus contorta,Woodiness,woody
Pinus monticola,Woodiness,woody
Pinus ponderosa,Woodiness,woody
Plantago major,Woodiness,non-woody
Plantago maritima,Woodiness,non-woody
Platanthera dilatata,Woodiness,non-woody
Polypodium vulgare,Woodiness,non-woody
Polystichum munitum,Woodiness,non-woody
Populus balsamifera,Woodiness,woody
Populus tremuloides,Woodiness,woody
Populus trichocarpa,Woodiness,woody
Potamogeton natans,Woodiness,non-woody
Potentilla anserina,Woodiness,non-woody
Potentilla anserina subsp. groenlandica,Woodiness,non-woody
Prunus emarginata,Woodiness,woody
Prunus pensylvanica,Woodiness,woody
Prunus virginiana,Woodiness,woody
Pseudotsuga menziesii,Woodiness,woody
Pteridium aquilinum,Woodiness,non-woody
Purshia tridentata,Woodiness,woody
Pyrola asarifolia,Woodiness,non-woody
Quercus garryana,Woodiness,woody
Ranunculus acris,Woodiness,non-woody
Ranunculus glaberrimus,Woodiness,non-woody
Ranunculus occidentalis,Woodiness,non-woody
Rhodiola rosea var. rosea,Woodiness,non-woody
Rhododendron albiflorum,Woodiness,woody
Rhus glabra,Woodiness,woody
Ribes aureum,Woodiness,woody
Ribes bracteosum,Woodiness,woody
Ribes cereum,Woodiness,woody
Ribes divaricatum,Woodiness,woody
Ribes glandulosum,Woodiness,woody
Ribes hudsonianum,Woodiness,woody
Ribes inerme,Woodiness,woody
Ribes lacustre,Woodiness,woody
Ribes laxiflorum,Woodiness,woody
Ribes oxyacanthoides,Woodiness,woody
Ribes sanguineum,Woodiness,woody
Ribes triste,Woodiness,woody
Rosa acicularis,Woodiness,woody
Rosa gymnocarpa,Woodiness,woody
Rosa nutkana,Woodiness,woody
Rosa pisocarpa,Woodiness,woody
Rosa woodsii,Woodiness,woody
Rubus arcticus,Woodiness,non-woody
Rubus chamaemorus,Woodiness,non-woody
Rubus idaeus,Woodiness,woody
Rubus leucodermis,Woodiness,woody
Rubus parviflorus,Woodiness,woody
Rubus pubescens,Woodiness,woody
Rubus spectabilis,Woodiness,woody
Rubus ursinus,Woodiness,woody
Rumex aquaticus,Woodiness,non-woody
Sagittaria cuneata,Woodiness,non-woody
Sagittaria latifolia,Woodiness,non-woody
Salix barclayi,Woodiness,woody
Salix bebbiana,Woodiness,woody
Salix discolor,Woodiness,woody
Salix exigua,Woodiness,woody
Salix hookeriana,Woodiness,woody
Salix lucida,Woodiness,woody
Salix scouleriana,Woodiness,woody
Salix sitchensis,Woodiness,woody
Sambucus nigra,Woodiness,woody
Sambucus racemosa,Woodiness,woody
Schoenoplectus acutus,Woodiness,non-woody
Schoenoplectus americanus,Woodiness,non-woody
Scirpus microcarpus,Woodiness,non-woody
Shepherdia canadensis,Woodiness,woody
Sium suave,Woodiness,non-woody
Solidago canadensis,Woodiness,non-woody
Sorbus scopulina,Woodiness,woody
Sorbus sitchensis,Woodiness,woody
Spiraea betulifolia,Woodiness,woody
Spiraea douglasii,Woodiness,woody
Stachys chamissonis,Woodiness,non-woody
Streptopus amplexifolius,Woodiness,non-woody
Streptopus streptopoides,Woodiness,non-woody
Symphoricarpos albus,Woodiness,woody
Taxus brevifolia,Woodiness,woody
Thalictrum occidentale,Woodiness,non-woody
Thuja plicata,Woodiness,woody
Toxicodendron radicans,Woodiness,woody
Toxicoscordion venenosum,Woodiness,non-woody
Trifolium wormskioldii,Woodiness,non-woody
Triglochin maritima,Woodiness,non-woody
Trillium ovatum,Woodiness,non-woody
Triteleia grandiflora,Woodiness,non-woody
Tsuga heterophylla,Woodiness,woody
Tsuga mertensiana,Woodiness,woody
Typha latifolia,Woodiness,non-woody
Urtica dioica,Woodiness,non-woody
Vaccinium alaskaense,Woodiness,woody
Vaccinium caespitosum,Woodiness,woody
Vaccinium membranaceum,Woodiness,woody
Vaccinium myrtilloides,Woodiness,woody
Vaccinium myrtillus,Woodiness,woody
Vaccinium ovalifolium,Woodiness,woody
Vaccinium ovatum,Woodiness,woody
Vaccinium oxycoccos,Woodiness,woody
Vaccinium parvifolium,Woodiness,woody
Vaccinium scoparium,Woodiness,woody
Vaccinium uliginosum,Woodiness,woody
Vaccinium vitis-idaea,Woodiness,woody
Valeriana edulis,Woodiness,non-woody
Valeriana sitchensis,Woodiness,non-woody
Veratrum viride,Woodiness,non-woody
Viburnum edule,Woodiness,woody
Viburnum opulus,Woodiness,woody
Vicia nigricans,Woodiness,non-woody
Viola adunca,Woodiness,non-woody
Xerophyllum tenax,Woodiness,non-woody
Zostera marina,Woodiness,non-woody
Abies amabilis,Growth Form,tree
Abies grandis,Growth Form,tree
Abies lasiocarpa,Growth Form,tree
Acer circinatum,Growth Form,shrub/tree
Acer glabrum,Growth Form,tree
Acer macrophyllum,Growth Form,tree
Achillea millefolium,Growth Form,herbaceous non-graminoid
Achlys triphylla,Growth Form,herbaceous non-graminoid
Actaea rubra,Growth Form,herbaceous non-graminoid
Adiantum pedatum,Growth Form,fern
Agoseris glauca,Growth Form,herbaceous non-graminoid/shrub
Allium cernuum,Growth Form,herbaceous non-graminoid
Allium geyeri,Growth Form,herbaceous non-graminoid
Allium schoenoprasum,Growth Form,herbaceous non-graminoid
Alnus alnobetula subsp. crispa,Growth Form,shrub/tree
Alnus alnobetula subsp. sinuata,Growth Form,shrub/tree
Alnus incana subsp. tenuifolia,Growth Form,tree
Alnus rubra,Growth Form,tree
Amelanchier alnifolia,Growth Form,shrub/tree
Anaphalis margaritacea,Growth Form,herbaceous non-graminoid
Anemone multifida,Growth Form,herbaceous non-graminoid
Angelica lucida,Growth Form,herbaceous non-graminoid
Antennaria neglecta,Growth Form,herbaceous non-graminoid
Anticlea elegans,Growth Form,herbaceous non-graminoid
Apocynum androsaemifolium,Growth Form,herbaceous non-graminoid
Apocynum cannabinum,Growth Form,herbaceous non-graminoid
Aquilegia formosa,Growth Form,herbaceous non-graminoid
Aralia nudicaulis,Growth Form,herbaceous non-graminoid/shrub
Arbutus menziesii,Growth Form,tree
Arctostaphylos uva-ursi,Growth Form,shrub
Arctous alpina,Growth Form,shrub
Arnica cordifolia,Growth Form,herbaceous non-graminoid
Artemisia dracunculus,Growth Form,herbaceous non-graminoid
Artemisia frigida,Growth Form,shrub
Artemisia ludoviciana,Growth Form,herbaceous non-graminoid/shrub
Artemisia tilesii,Growth Form,herbaceous non-graminoid/shrub
Artemisia tridentata,Growth Form,shrub/tree
Aruncus dioicus,Growth Form,herbaceous non-graminoid
Asclepias speciosa,Growth Form,herbaceous non-graminoid
Aster conspicuus,Growth Form,herbaceous non-graminoid
Athyrium filix-femina,Growth Form,fern
Balsamorhiza sagittata,Growth Form,herbaceous non-graminoid
Berberis nervosa,Growth Form,shrub
Betula nana,Growth Form,shrub
Betula occidentalis,Growth Form,shrub/tree
Betula papyrifera,Growth Form,tree
Betula pumila,Growth Form,shrub
Blechnum spicant,Growth Form,fern
Bromus carinatus,Growth Form,herbaceous graminoid
Calamagrostis rubescens,Growth Form,herbaceous graminoid
Calochortus macrocarpus,Growth Form,herbaceous non-graminoid
Calypso bulbosa,Growth Form,herbaceous non-graminoid
Camassia leichtlinii,Growth Form,herbaceous non-graminoid
Camassia quamash,Growth Form,herbaceous non-graminoid
Campanula rotundifolia,Growth Form,herbaceous non-graminoid
Carex obnupta,Growth Form,herbaceous graminoid
Carex rostrata,Growth Form,herbaceous graminoid
Castilleja hispida,Growth Form,herbaceous non-graminoid/shrub
Castilleja miniata,Growth Form,herbaceous non-graminoid
Ceanothus sanguineus,Growth Form,shrub
Ceanothus velutinus,Growth Form,shrub
Chenopodium capitatum,Growth Form,herbaceous non-graminoid
Chimaphila umbellata,Growth Form,shrub
Cicuta douglasii,Growth Form,herbaceous non-graminoid
Cicuta virosa,Growth Form,herbaceous non-graminoid
Cirsium arvense,Growth Form,herbaceous non-graminoid
Cirsium brevistylum,Growth Form,herbaceous non-graminoid
Cirsium undulatum,Growth Form,herbaceous non-graminoid
Cirsium vulgare,Growth Form,herbaceous non-graminoid
Claytonia lanceolata,Growth Form,herbaceous non-graminoid
Claytonia sibirica,Growth Form,herbaceous non-graminoid
Clematis columbiana,Growth Form,climber
Clematis ligusticifolia,Growth Form,climber
Clematis occidentalis,Growth Form,climber
Clintonia uniflora,Growth Form,herbaceous non-graminoid
Comandra umbellata,Growth Form,herbaceous non-graminoid
Comarum palustre,Growth Form,herbaceous non-graminoid
Cornus canadensis,Growth Form,herbaceous non-graminoid
Cornus nuttallii,Growth Form,tree
Cornus sericea,Growth Form,shrub/tree
Cornus suecica,Growth Form,herbaceous non-graminoid
Corylus cornuta,Growth Form,shrub/tree
Crataegus douglasii,Growth Form,tree
Cupressus nootkatensis,Growth Form,tree
Dasiphora fruticosa,Growth Form,herbaceous non-graminoid
Delphinium nuttallianum,Growth Form,herbaceous non-graminoid
Dicentra formosa,Growth Form,herbaceous non-graminoid
Dodecatheon hendersonii,Growth Form,herbaceous non-graminoid
Dodecatheon jeffreyi,Growth Form,herbaceous non-graminoid
Dodecatheon meadia,Growth Form,herbaceous non-graminoid
Dodecatheon pulchellum,Growth Form,herbaceous non-graminoid
Drosera anglica,Growth Form,herbaceous non-graminoid
Drosera rotundifolia,Growth Form,herbaceous non-graminoid
Dryopteris expansa,Growth Form,fern
Elaeagnus commutata,Growth Form,shrub
Elymus spicatus,Growth Form,herbaceous graminoid
Empetrum nigrum,Growth Form,shrub
Epilobium angustifolium,Growth Form,herbaceous non-graminoid
Equisetum arvense,Growth Form,fern
Equisetum hyemale,Growth Form,fern
Equisetum telmateia,Growth Form,fern
Ericameria nauseosa,Growth Form,shrub
Eriophorum angustifolium,Growth Form,herbaceous graminoid
Erythronium grandiflorum,Growth Form,herbaceous non-graminoid
Fragaria chiloensis,Growth Form,herbaceous non-graminoid
Fragaria vesca,Growth Form,herbaceous non-graminoid
Fragaria virginiana,Growth Form,herbaceous non-graminoid
Frangula purshiana,Growth Form,shrub
Fritillaria affinis,Growth Form,herbaceous non-graminoid
Fritillaria pudica,Growth Form,herbaceous non-graminoid
Gaillardia aristata,Growth Form,herbaceous non-graminoid
Galium aparine,Growth Form,climber
Galium triflorum,Growth Form,herbaceous non-graminoid
Gaultheria shallon,Growth Form,shrub
Geranium viscosissimum,Growth Form,herbaceous non-graminoid
Geum macrophyllum,Growth Form,herbaceous non-graminoid
Geum triflorum,Growth Form,herbaceous non-graminoid
Goodyera oblongifolia,Growth Form,herbaceous non-graminoid
Gymnocarpium dryopteris,Growth Form,fern
Hedysarum alpinum,Growth Form,herbaceous non-graminoid
Heracleum maximum,Growth Form,herbaceous non-graminoid
Heuchera cylindrica,Growth Form,herbaceous non-graminoid
Hierochloe odorata,Growth Form,herbaceous graminoid
Holodiscus discolor,Growth Form,shrub
Hordeum jubatum,Growth Form,herbaceous graminoid
Juncus effusus,Growth Form,herbaceous graminoid
Juniperus communis,Growth Form,shrub/tree
Juniperus maritima,Growth Form,tree
Juniperus scopulorum,Growth Form,tree
Kalmia microphylla,Growth Form,shrub
Lappula redowskii,Growth Form,herbaceous non-graminoid
Larix laricina,Growth Form,tree
Larix occidentalis,Growth Form,tree
Lathyrus japonicus,Growth Form,climber
Lathyrus nevadensis,Growth Form,climber
Lathyrus ochroleucus,Growth Form,herbaceous non-graminoid
Ledum glandulosum,Growth Form,shrub
Ledum palustre subsp. groenlandicum,Growth Form,shrub
Lewisia rediviva,Growth Form,succulent
Leymus cinereus,Growth Form,herbaceous graminoid
Leymus mollis,Growth Form,herbaceous graminoid
Ligusticum scoticum,Growth Form,herbaceous non-graminoid
Lilium columbianum,Growth Form,herbaceous non-graminoid
Linnaea borealis,Growth Form,herbaceous non-graminoid/shrub
Lithospermum ruderale,Growth Form,herbaceous non-graminoid
Lomatium canbyi,Growth Form,herbaceous non-graminoid
Lomatium cous,Growth Form,herbaceous non-graminoid
Lomatium dissectum,Growth Form,herbaceous non-graminoid
Lomatium nudicaule,Growth Form,herbaceous non-graminoid
Lonicera ciliosa,Growth Form,climber
Lonicera involucrata,Growth Form,shrub
Lupinus nootkatensis,Growth Form,herbaceous non-graminoid
Lupinus polyphyllus,Growth Form,herbaceous non-graminoid
Lycopodium clavatum,Growth Form,fern
Lysichiton americanus,Growth Form,herbaceous non-graminoid
Lysimachia maritima,Growth Form,herbaceous non-graminoid
Maianthemum dilatatum,Growth Form,herbaceous non-graminoid
Maianthemum racemosum,Growth Form,herbaceous non-graminoid
Malus fusca,Growth Form,tree
Mentha arvensis,Growth Form,herbaceous non-graminoid
Menziesia ferruginea,Growth Form,shrub
Moneses uniflora,Growth Form,herbaceous non-graminoid
Monotropa uniflora,Growth Form,herbaceous non-graminoid
Myrica gale,Growth Form,shrub/tree
Nicotiana attenuata,Growth Form,herbaceous non-graminoid
Nicotiana quadrivalvis,Growth Form,succulent
Nicotiana tabacum,Growth Form,herbaceous non-graminoid
Nuphar lutea,Growth Form,herbaceous non-graminoid
Oemleria cerasiformis,Growth Form,shrub/tree
Oenanthe sarmentosa,Growth Form,herbaceous non-graminoid
Oplopanax horridus,Growth Form,shrub
Opuntia fragilis,Growth Form,succulent
Opuntia polyacantha,Growth Form,succulent
Osmorhiza berteroi,Growth Form,herbaceous non-graminoid
Osmorhiza occidentalis,Growth Form,herbaceous non-graminoid
Oxalis oregana,Growth Form,herbaceous non-graminoid
Oxyria digyna,Growth Form,herbaceous non-graminoid
Paxistima myrsinites,Growth Form,shrub
Penstemon fruticosus,Growth Form,shrub
Perideridia gairdneri,Growth Form,herbaceous non-graminoid
Petasites frigidus,Growth Form,herbaceous non-graminoid
Phalaris arundinacea,Growth Form,herbaceous graminoid
Philadelphus lewisii,Growth Form,shrub
Phyllospadix iwatensis,Growth Form,herbaceous non-graminoid
Physocarpus capitatus,Growth Form,shrub
Physocarpus malvaceus,Growth Form,shrub
Picea engelmannii,Growth Form,tree
Picea glauca,Growth Form,tree
Picea mariana,Growth Form,tree
Picea sitchensis,Growth Form,tree
Pinus albicaulis,Growth Form,tree
Pinus contorta,Growth Form,tree
Pinus monticola,Growth Form,tree
Pinus ponderosa,Growth Form,tree
Plantago major,Growth Form,herbaceous non-graminoid
Plantago maritima,Growth Form,herbaceous non-graminoid
Platanthera dilatata,Growth Form,herbaceous non-graminoid
Polypodium vulgare,Growth Form,fern
Polystichum munitum,Growth Form,fern
Populus balsamifera,Growth Form,tree
Populus tremuloides,Growth Form,tree
Populus trichocarpa,Growth Form,tree
Potamogeton natans,Growth Form,herbaceous non-graminoid
Potentilla anserina,Growth Form,herbaceous non-graminoid
Potentilla anserina subsp. groenlandica,Growth Form,herbaceous non-graminoid
Prunus emarginata,Growth Form,shrub/tree
Prunus pensylvanica,Growth Form,shrub/tree
Prunus virginiana,Growth Form,shrub/tree
Pseudotsuga menziesii,Growth Form,tree
Pteridium aquilinum,Growth Form,fern
Purshia tridentata,Growth Form,shrub
Pyrola asarifolia,Growth Form,herbaceous non-graminoid
Quercus garryana,Growth Form,shrub/tree
Ranunculus acris,Growth Form,herbaceous non-graminoid
Ranunculus glaberrimus,Growth Form,herbaceous non-graminoid
Ranunculus occidentalis,Growth Form,herbaceous non-graminoid
Rhodiola rosea var. rosea,Growth Form,succulent
Rhododendron albiflorum,Growth Form,shrub
Rhus glabra,Growth Form,shrub/tree
Ribes aureum,Growth Form,shrub
Ribes bracteosum,Growth Form,shrub
Ribes cereum,Growth Form,shrub
Ribes divaricatum,Growth Form,shrub
Ribes glandulosum,Growth Form,shrub
Ribes hudsonianum,Growth Form,shrub
Ribes inerme,Growth Form,shrub
Ribes lacustre,Growth Form,shrub
Ribes laxiflorum,Growth Form,shrub
Ribes oxyacanthoides,Growth Form,shrub
Ribes sanguineum,Growth Form,shrub
Ribes triste,Growth Form,shrub
Rosa acicularis,Growth Form,shrub
Rosa gymnocarpa,Growth Form,shrub
Rosa nutkana,Growth Form,shrub
Rosa pisocarpa,Growth Form,shrub
Rosa woodsii,Growth Form,shrub
Rubus arcticus,Growth Form,herbaceous non-graminoid/shrub
Rubus chamaemorus,Growth Form,herbaceous non-graminoid
Rubus idaeus,Growth Form,shrub
Rubus leucodermis,Growth Form,climber
Rubus parviflorus,Growth Form,shrub
Rubus pubescens,Growth Form,shrub
Rubus spectabilis,Growth Form,climber
Rubus ursinus,Growth Form,shrub
Rumex aquaticus,Growth Form,herbaceous non-graminoid
Sagittaria cuneata,Growth Form,herbaceous non-graminoid
Sagittaria latifolia,Growth Form,herbaceous non-graminoid
Salix barclayi,Growth Form,shrub/tree
Salix bebbiana,Growth Form,shrub/tree
Salix discolor,Growth Form,shrub/tree
Salix exigua,Growth Form,shrub/tree
Salix hookeriana,Growth Form,shrub
Salix lucida,Growth Form,shrub/tree
Salix scouleriana,Growth Form,shrub/tree
Salix sitchensis,Growth Form,shrub
Sambucus nigra,Growth Form,shrub/tree
Sambucus racemosa,Growth Form,shrub
Schoenoplectus acutus,Growth Form,herbaceous graminoid
Schoenoplectus americanus,Growth Form,herbaceous graminoid
Scirpus microcarpus,Growth Form,herbaceous graminoid
Shepherdia canadensis,Growth Form,shrub
Sium suave,Growth Form,herbaceous non-graminoid
Solidago canadensis,Growth Form,herbaceous non-graminoid
Sorbus scopulina,Growth Form,shrub/tree
Sorbus sitchensis,Growth Form,shrub/tree
Spiraea betulifolia,Growth Form,shrub
Spiraea douglasii,Growth Form,shrub
Stachys chamissonis,Growth Form,herbaceous non-graminoid
Streptopus amplexifolius,Growth Form,herbaceous non-graminoid
Streptopus streptopoides,Growth Form,herbaceous non-graminoid
Symphoricarpos albus,Growth Form,shrub
Taxus brevifolia,Growth Form,tree
Thalictrum occidentale,Growth Form,herbaceous non-graminoid
Thuja plicata,Growth Form,tree
Toxicodendron radicans,Growth Form,shrub
Toxicoscordion venenosum,Growth Form,herbaceous non-graminoid
Trifolium wormskioldii,Growth Form,herbaceous non-graminoid
Triglochin maritima,Growth Form,herbaceous non-graminoid
Trillium ovatum,Growth Form,herbaceous non-graminoid
Triteleia grandiflora,Growth Form,herbaceous non-graminoid
Tsuga heterophylla,Growth Form,tree
Tsuga mertensiana,Growth Form,tree
Typha latifolia,Growth Form,herbaceous graminoid
Urtica dioica,Growth Form,herbaceous non-graminoid
Vaccinium alaskaense,Growth Form,shrub
Vaccinium caespitosum,Growth Form,shrub
Vaccinium membranaceum,Growth Form,shrub
Vaccinium myrtilloides,Growth Form,shrub
Vaccinium myrtillus,Growth Form,shrub
Vaccinium ovalifolium,Growth Form,shrub
Vaccinium ovatum,Growth Form,shrub
Vaccinium oxycoccos,Growth Form,shrub
Vaccinium parvifolium,Growth Form,shrub
Vaccinium scoparium,Growth Form,shrub
Vaccinium uliginosum,Growth Form,shrub
Vaccinium vitis-idaea,Growth Form,shrub
Valeriana edulis,Growth Form,herbaceous non-graminoid
Valeriana sitchensis,Growth Form,herbaceous non-graminoid
Veratrum viride,Growth Form,herbaceous non-graminoid
Viburnum edule,Growth Form,shrub
Viburnum opulus,Growth Form,shrub/tree
Vicia nigricans,Growth Form,herbaceous non-graminoid
Viola adunca,Growth Form,herbaceous non-graminoid
Xerophyllum tenax,Growth Form,herbaceous non-graminoid
Zostera marina,Growth Form,herbaceous non-graminoid
Abies amabilis,Nmass (mg/g),9.448975476
Abies grandis,Nmass (mg/g),14.6
Abies lasiocarpa,Nmass (mg/g),13.43892689
Acer circinatum,Nmass (mg/g),22.0020460404567
Acer glabrum,Nmass (mg/g),22.8689829796951
Acer macrophyllum,Nmass (mg/g),26.4
Achillea millefolium,Nmass (mg/g),20.54814349
Achlys triphylla,Nmass (mg/g),26.5651920455707
Actaea rubra,Nmass (mg/g),18.8
Adiantum pedatum,Nmass (mg/g),16.5311285600033
Agoseris glauca,Nmass (mg/g),17.17
Allium cernuum,Nmass (mg/g),24.8181247082377
Allium geyeri,Nmass (mg/g),22.2715897368425
Allium schoenoprasum,Nmass (mg/g),17.1177090979266
Alnus alnobetula subsp. crispa,Nmass (mg/g),22.86105629
Alnus alnobetula subsp. sinuata,Nmass (mg/g),32.39
Alnus incana subsp. tenuifolia,Nmass (mg/g),21.9
Alnus rubra,Nmass (mg/g),23.73410952
Amelanchier alnifolia,Nmass (mg/g),18.2
Anaphalis margaritacea,Nmass (mg/g),17.76384616
Anemone multifida,Nmass (mg/g),26.077231731684
Angelica lucida,Nmass (mg/g),27.6146567520636
Antennaria neglecta,Nmass (mg/g),14.70791148
Anticlea elegans,Nmass (mg/g),16.8261585874462
Apocynum androsaemifolium,Nmass (mg/g),17.2556779
Apocynum cannabinum,Nmass (mg/g),17.24
Aquilegia formosa,Nmass (mg/g),29.0428163479306
Aralia nudicaulis,Nmass (mg/g),20.1078031
Arbutus menziesii,Nmass (mg/g),11.52874754
Arctostaphylos uva-ursi,Nmass (mg/g),10.72919761
Arctous alpina,Nmass (mg/g),16.36581804
Arnica cordifolia,Nmass (mg/g),20.9742548762866
Artemisia dracunculus,Nmass (mg/g),25.48
Artemisia frigida,Nmass (mg/g),27.16450345
Artemisia ludoviciana,Nmass (mg/g),18.90475139
Artemisia tilesii,Nmass (mg/g),19.5981908791645
Artemisia tridentata,Nmass (mg/g),15.17575567
Aruncus dioicus,Nmass (mg/g),41.37404677
Asclepias speciosa,Nmass (mg/g),28.1456935160805
Aster conspicuus,Nmass (mg/g),16.4959670020713
Athyrium filix-femina,Nmass (mg/g),24.49
Balsamorhiza sagittata,Nmass (mg/g),20.7017130208558
Berberis nervosa,Nmass (mg/g),17.9605024336458
Betula nana,Nmass (mg/g),22.6860961
Betula occidentalis,Nmass (mg/g),24.4637967231562
Betula papyrifera,Nmass (mg/g),23.83371477
Betula pumila,Nmass (mg/g),17.51356099
Blechnum spicant,Nmass (mg/g),16.5054995259518
Bromus carinatus,Nmass (mg/g),21.1654841053513
Calamagrostis rubescens,Nmass (mg/g),19.3430268664135
Calochortus macrocarpus,Nmass (mg/g),28.3791936970589
Calypso bulbosa,Nmass (mg/g),18.6610752909331
Camassia leichtlinii,Nmass (mg/g),27.1137436745419
Camassia quamash,Nmass (mg/g),24.9858777833318
Campanula rotundifolia,Nmass (mg/g),19.69810933
Carex obnupta,Nmass (mg/g),20.6228274897195
Carex rostrata,Nmass (mg/g),19.26761453
Castilleja hispida,Nmass (mg/g),19.1046649423896
Castilleja miniata,Nmass (mg/g),19.6410992648093
Ceanothus sanguineus,Nmass (mg/g),29.0579562808002
Ceanothus velutinus,Nmass (mg/g),20
Chenopodium capitatum,Nmass (mg/g),19.6858721110055
Chimaphila umbellata,Nmass (mg/g),11.8577412
Cicuta douglasii,Nmass (mg/g),26.3593915650552
Cicuta virosa,Nmass (mg/g),26.249354095475
Cirsium arvense,Nmass (mg/g),24.72195493
Cirsium brevistylum,Nmass (mg/g),28.6422841115605
Cirsium undulatum,Nmass (mg/g),23.55
Cirsium vulgare,Nmass (mg/g),17.26
Claytonia lanceolata,Nmass (mg/g),20.3410294305228
Claytonia sibirica,Nmass (mg/g),21.5367478860384
Clematis columbiana,Nmass (mg/g),22.1717625521725
Clematis ligusticifolia,Nmass (mg/g),22.1266338596542
Clematis occidentalis,Nmass (mg/g),21.9580182582125
Clintonia uniflora,Nmass (mg/g),26.6281157990281
Comandra umbellata,Nmass (mg/g),16.98419965
Comarum palustre,Nmass (mg/g),13.36
Cornus canadensis,Nmass (mg/g),18.50784993
Cornus nuttallii,Nmass (mg/g),22.231415607361
Cornus sericea,Nmass (mg/g),17.55
Cornus suecica,Nmass (mg/g),19.88696657
Corylus cornuta,Nmass (mg/g),19.53619192
Crataegus douglasii,Nmass (mg/g),13.8700561953831
Cupressus nootkatensis,Nmass (mg/g),11.9057049616911
Dasiphora fruticosa,Nmass (mg/g),22.82291841
Delphinium nuttallianum,Nmass (mg/g),17.6135167595825
Dicentra formosa,Nmass (mg/g),24.9325765708591
Dodecatheon hendersonii,Nmass (mg/g),24.717694615909
Dodecatheon jeffreyi,Nmass (mg/g),16.5287096130263
Dodecatheon meadia,Nmass (mg/g),20.3164364299607
Dodecatheon pulchellum,Nmass (mg/g),25.94875
Drosera anglica,Nmass (mg/g),23.2108192811608
Drosera rotundifolia,Nmass (mg/g),12.68845516
Dryopteris expansa,Nmass (mg/g),22.11655754
Elaeagnus commutata,Nmass (mg/g),24.6625447977258
Elymus spicatus,Nmass (mg/g),12.33920581
Empetrum nigrum,Nmass (mg/g),11.41157144
Epilobium angustifolium,Nmass (mg/g),28.6675871
Equisetum arvense,Nmass (mg/g),20.03828835
Equisetum hyemale,Nmass (mg/g),17.48153633
Equisetum telmateia,Nmass (mg/g),20.4222005913805
Ericameria nauseosa,Nmass (mg/g),18.7774209427406
Eriophorum angustifolium,Nmass (mg/g),19.2332864
Erythronium grandiflorum,Nmass (mg/g),25.2752555258047
Fragaria chiloensis,Nmass (mg/g),22.2765232878599
Fragaria vesca,Nmass (mg/g),18.41902786
Fragaria virginiana,Nmass (mg/g),14.74564927
Frangula purshiana,Nmass (mg/g),25.2749572803601
Fritillaria affinis,Nmass (mg/g),28.908183029579
Fritillaria pudica,Nmass (mg/g),21.6888021821644
Gaillardia aristata,Nmass (mg/g),26.9311944333304
Galium aparine,Nmass (mg/g),25.66632034
Galium triflorum,Nmass (mg/g),19.05135813
Gaultheria shallon,Nmass (mg/g),8.890435201
Geranium viscosissimum,Nmass (mg/g),25.0272020319822
Geum macrophyllum,Nmass (mg/g),22.4389452918274
Geum triflorum,Nmass (mg/g),14.19803952
Goodyera oblongifolia,Nmass (mg/g),19.7250834218617
Gymnocarpium dryopteris,Nmass (mg/g),20.87572485
Hedysarum alpinum,Nmass (mg/g),38.3
Heracleum maximum,Nmass (mg/g),28.7380486101513
Heuchera cylindrica,Nmass (mg/g),26.0854259794767
Hierochloe odorata,Nmass (mg/g),17.9489512247984
Holodiscus discolor,Nmass (mg/g),18.03820416
Hordeum jubatum,Nmass (mg/g),22.54
Juncus effusus,Nmass (mg/g),13.57264734
Juniperus communis,Nmass (mg/g),11.44467354
Juniperus maritima,Nmass (mg/g),13.4689440027752
Juniperus scopulorum,Nmass (mg/g),13.04468907
Kalmia microphylla,Nmass (mg/g),15.7330458885461
Lappula redowskii,Nmass (mg/g),16.4937125553347
Larix laricina,Nmass (mg/g),15.28582255
Larix occidentalis,Nmass (mg/g),16.38228862
Lathyrus japonicus,Nmass (mg/g),20.0971281074261
Lathyrus nevadensis,Nmass (mg/g),21.2884267541583
Lathyrus ochroleucus,Nmass (mg/g),32.9
Ledum glandulosum,Nmass (mg/g),24.3786496666073
Ledum palustre subsp. groenlandicum,Nmass (mg/g),13.579449
Lewisia rediviva,Nmass (mg/g),22.2285357590783
Leymus cinereus,Nmass (mg/g),20.4917198064612
Leymus mollis,Nmass (mg/g),21.3956486166375
Ligusticum scoticum,Nmass (mg/g),23.7590686504915
Lilium columbianum,Nmass (mg/g),28.7598471468717
Linnaea borealis,Nmass (mg/g),9.304296068
Lithospermum ruderale,Nmass (mg/g),25.7962569611706
Lomatium canbyi,Nmass (mg/g),29.080972593498
Lomatium cous,Nmass (mg/g),29.4781919701549
Lomatium dissectum,Nmass (mg/g),27.7055032150122
Lomatium nudicaule,Nmass (mg/g),28.5003200269597
Lonicera ciliosa,Nmass (mg/g),20.421228066685
Lonicera involucrata,Nmass (mg/g),27.4143884825309
Lupinus nootkatensis,Nmass (mg/g),26.9880883845947
Lupinus polyphyllus,Nmass (mg/g),32.93508767
Lycopodium clavatum,Nmass (mg/g),8.344249731
Lysichiton americanus,Nmass (mg/g),26.7281711254441
Lysimachia maritima,Nmass (mg/g),21.20834964
Maianthemum dilatatum,Nmass (mg/g),26.6843525567323
Maianthemum racemosum,Nmass (mg/g),17.85337881
Malus fusca,Nmass (mg/g),12.9370968112221
Mentha arvensis,Nmass (mg/g),15.13
Menziesia ferruginea,Nmass (mg/g),26.5392667381126
Moneses uniflora,Nmass (mg/g),20.4
Monotropa uniflora,Nmass (mg/g),19.7
Myrica gale,Nmass (mg/g),25.45584412
Nicotiana attenuata,Nmass (mg/g),19.7688963954723
Nicotiana quadrivalvis,Nmass (mg/g),19.7855515767467
Nicotiana tabacum,Nmass (mg/g),28.8261425849365
Nuphar lutea,Nmass (mg/g),35.85847
Oemleria cerasiformis,Nmass (mg/g),19.2
Oenanthe sarmentosa,Nmass (mg/g),28.8756634742915
Oplopanax horridus,Nmass (mg/g),23.7620804894947
Opuntia fragilis,Nmass (mg/g),20.8399748023461
Opuntia polyacantha,Nmass (mg/g),21.0072048937786
Osmorhiza berteroi,Nmass (mg/g),27.6146567520636
Osmorhiza occidentalis,Nmass (mg/g),23.7039109212328
Oxalis oregana,Nmass (mg/g),24.7657104623227
Oxyria digyna,Nmass (mg/g),43.67757953
Paxistima myrsinites,Nmass (mg/g),13.1821233200338
Penstemon fruticosus,Nmass (mg/g),19.8154022772867
Perideridia gairdneri,Nmass (mg/g),23.1149658334527
Petasites frigidus,Nmass (mg/g),24.4059419
Phalaris arundinacea,Nmass (mg/g),22.15447907
Philadelphus lewisii,Nmass (mg/g),18.4222863756076
Phyllospadix iwatensis,Nmass (mg/g),20.5874700676132
Physocarpus capitatus,Nmass (mg/g),26.0408999483942
Physocarpus malvaceus,Nmass (mg/g),20.1757135084348
Picea engelmannii,Nmass (mg/g),9.981690298
Picea glauca,Nmass (mg/g),10.63662706
Picea mariana,Nmass (mg/g),8.37922413
Picea sitchensis,Nmass (mg/g),11.17514256
Pinus albicaulis,Nmass (mg/g),10.35
Pinus contorta,Nmass (mg/g),11.31399704
Pinus monticola,Nmass (mg/g),14.55555556
Pinus ponderosa,Nmass (mg/g),11.1695215
Plantago major,Nmass (mg/g),18.80325799
Plantago maritima,Nmass (mg/g),15.37
Platanthera dilatata,Nmass (mg/g),19.6466079384916
Polypodium vulgare,Nmass (mg/g),17.05237852
Polystichum munitum,Nmass (mg/g),21.5396881593619
Populus balsamifera,Nmass (mg/g),17.56593597
Populus tremuloides,Nmass (mg/g),20.80417917
Populus trichocarpa,Nmass (mg/g),20.57577814
Potamogeton natans,Nmass (mg/g),38.11417833
Potentilla anserina,Nmass (mg/g),24.97514417
Potentilla anserina subsp. groenlandica,Nmass (mg/g),21.5205431962713
Prunus emarginata,Nmass (mg/g),22.7112950340777
Prunus pensylvanica,Nmass (mg/g),23.47781293
Prunus virginiana,Nmass (mg/g),18.85670178
Pseudotsuga menziesii,Nmass (mg/g),11.84097595
Pteridium aquilinum,Nmass (mg/g),25.01895541
Purshia tridentata,Nmass (mg/g),22.04273525
Pyrola asarifolia,Nmass (mg/g),13
Quercus garryana,Nmass (mg/g),23.5626011461851
Ranunculus acris,Nmass (mg/g),25.73587504
Ranunculus glaberrimus,Nmass (mg/g),22.104333320468
Ranunculus occidentalis,Nmass (mg/g),29.1084892245695
Rhodiola rosea var. rosea,Nmass (mg/g),20.01390636445
Rhododendron albiflorum,Nmass (mg/g),19.9024987174345
Rhus glabra,Nmass (mg/g),17.72816213
Ribes aureum,Nmass (mg/g),28.5951689666571
Ribes bracteosum,Nmass (mg/g),26.5392667381126
Ribes cereum,Nmass (mg/g),26.6217561866273
Ribes divaricatum,Nmass (mg/g),22.8
Ribes glandulosum,Nmass (mg/g),24.6681748620309
Ribes hudsonianum,Nmass (mg/g),14.7787525398567
Ribes inerme,Nmass (mg/g),31.7253531614362
Ribes lacustre,Nmass (mg/g),19.1347495092743
Ribes laxiflorum,Nmass (mg/g),26.5392667381126
Ribes oxyacanthoides,Nmass (mg/g),27.1869294898046
Ribes sanguineum,Nmass (mg/g),25.4
Ribes triste,Nmass (mg/g),27.1855579754252
Rosa acicularis,Nmass (mg/g),10.64706532
Rosa gymnocarpa,Nmass (mg/g),25.455065566142
Rosa nutkana,Nmass (mg/g),26.8218405591198
Rosa pisocarpa,Nmass (mg/g),24.4471622243381
Rosa woodsii,Nmass (mg/g),14.91
Rubus arcticus,Nmass (mg/g),18.6673445533515
Rubus chamaemorus,Nmass (mg/g),21.87553983
Rubus idaeus,Nmass (mg/g),23.31509906
Rubus leucodermis,Nmass (mg/g),20.7191247567845
Rubus parviflorus,Nmass (mg/g),21.9
Rubus pubescens,Nmass (mg/g),19.32149063
Rubus spectabilis,Nmass (mg/g),26.5747650865496
Rubus ursinus,Nmass (mg/g),20.1
Rumex aquaticus,Nmass (mg/g),35.52
Sagittaria cuneata,Nmass (mg/g),25.2653031440629
Sagittaria latifolia,Nmass (mg/g),23.556850084544
Salix barclayi,Nmass (mg/g),25.3469398717204
Salix bebbiana,Nmass (mg/g),21.1
Salix discolor,Nmass (mg/g),24.1703112538574
Salix exigua,Nmass (mg/g),23.4657106165065
Salix hookeriana,Nmass (mg/g),19.835754301673
Salix lucida,Nmass (mg/g),29.6
Salix scouleriana,Nmass (mg/g),23.9661130082937
Salix sitchensis,Nmass (mg/g),20.2946852877236
Sambucus nigra,Nmass (mg/g),35.90688506
Sambucus racemosa,Nmass (mg/g),52.356573
Schoenoplectus acutus,Nmass (mg/g),21.6359853291266
Schoenoplectus americanus,Nmass (mg/g),13.27906556
Scirpus microcarpus,Nmass (mg/g),15.01430186
Shepherdia canadensis,Nmass (mg/g),33
Sium suave,Nmass (mg/g),21.0840013503461
Solidago canadensis,Nmass (mg/g),16.25032178
Sorbus scopulina,Nmass (mg/g),21.2943486590398
Sorbus sitchensis,Nmass (mg/g),20.45865472
Spiraea betulifolia,Nmass (mg/g),18.9269340828147
Spiraea douglasii,Nmass (mg/g),18.9441921131269
Stachys chamissonis,Nmass (mg/g),29.6773328139518
Streptopus amplexifolius,Nmass (mg/g),26.5166188206056
Streptopus streptopoides,Nmass (mg/g),24.346621697838
Symphoricarpos albus,Nmass (mg/g),14.50379607
Taxus brevifolia,Nmass (mg/g),13.1945967364209
Thalictrum occidentale,Nmass (mg/g),25.8993781800289
Thuja plicata,Nmass (mg/g),11.83504708
Toxicodendron radicans,Nmass (mg/g),25.9591985721497
Toxicoscordion venenosum,Nmass (mg/g),29.0769401743618
Trifolium wormskioldii,Nmass (mg/g),24.8999292367087
Triglochin maritima,Nmass (mg/g),17.0455550397695
Trillium ovatum,Nmass (mg/g),27.4536995932801
Triteleia grandiflora,Nmass (mg/g),26.3484168823756
Tsuga heterophylla,Nmass (mg/g),11.9005052
Tsuga mertensiana,Nmass (mg/g),11.97012949
Typha latifolia,Nmass (mg/g),14.43017547
Urtica dioica,Nmass (mg/g),42.91725378
Vaccinium alaskaense,Nmass (mg/g),28.7136028516644
Vaccinium caespitosum,Nmass (mg/g),13.4953829383578
Vaccinium membranaceum,Nmass (mg/g),18.3576943348491
Vaccinium myrtilloides,Nmass (mg/g),15.78529749
Vaccinium myrtillus,Nmass (mg/g),16.39812025
Vaccinium ovalifolium,Nmass (mg/g),19.150444760206
Vaccinium ovatum,Nmass (mg/g),6.841052551
Vaccinium oxycoccos,Nmass (mg/g),15.33
Vaccinium parvifolium,Nmass (mg/g),18.2921717871128
Vaccinium scoparium,Nmass (mg/g),28.8992215049405
Vaccinium uliginosum,Nmass (mg/g),21.85698336
Vaccinium vitis-idaea,Nmass (mg/g),10.57435117
Valeriana edulis,Nmass (mg/g),25.0983601793227
Valeriana sitchensis,Nmass (mg/g),29.1465653889612
Veratrum viride,Nmass (mg/g),28.3708643841352
Viburnum edule,Nmass (mg/g),24.1128342705913
Viburnum opulus,Nmass (mg/g),21.57677792
Vicia nigricans,Nmass (mg/g),26.5979861108374
Viola adunca,Nmass (mg/g),15.87450787
Xerophyllum tenax,Nmass (mg/g),29.0649201228029
Zostera marina,Nmass (mg/g),25.0140470628368
Abies amabilis,LMA (g/m2),216.421007374737
Abies grandis,LMA (g/m2),212.7659574
Abies lasiocarpa,LMA (g/m2),276.0069609
Acer circinatum,LMA (g/m2),16.51702119
Acer glabrum,LMA (g/m2),39.1094144
Acer macrophyllum,LMA (g/m2),33.85240352
Achillea millefolium,LMA (g/m2),72.41469295
Achlys triphylla,LMA (g/m2),54.3295075621238
Actaea rubra,LMA (g/m2),25.21905229
Adiantum pedatum,LMA (g/m2),112.122412841555
Agoseris glauca,LMA (g/m2),50.25125628
Allium cernuum,LMA (g/m2),53.708866807277
Allium geyeri,LMA (g/m2),51.5826699135994
Allium schoenoprasum,LMA (g/m2),112.117176
Alnus alnobetula subsp. crispa,LMA (g/m2),69.01311249
Alnus alnobetula subsp. sinuata,LMA (g/m2),52.1003787355075
Alnus incana subsp. tenuifolia,LMA (g/m2),64.1531709827459
Alnus rubra,LMA (g/m2),65.00682572
Amelanchier alnifolia,LMA (g/m2),106.7620663
Anaphalis margaritacea,LMA (g/m2),69.51843045
Anemone multifida,LMA (g/m2),44.9497145181074
Angelica lucida,LMA (g/m2),47.295940761158
Antennaria neglecta,LMA (g/m2),56.49767406
Anticlea elegans,LMA (g/m2),345.2964179
Apocynum androsaemifolium,LMA (g/m2),51.59986203
Apocynum cannabinum,LMA (g/m2),97.94319295
Aquilegia formosa,LMA (g/m2),43.997635656114
Aralia nudicaulis,LMA (g/m2),37.72711021
Arbutus menziesii,LMA (g/m2),152.6779965
Arctostaphylos uva-ursi,LMA (g/m2),155.7998766
Arctous alpina,LMA (g/m2),93.16087388
Arnica cordifolia,LMA (g/m2),56.00597865
Artemisia dracunculus,LMA (g/m2),59.88023952
Artemisia frigida,LMA (g/m2),66.48845126
Artemisia ludoviciana,LMA (g/m2),61.36297928
Artemisia tilesii,LMA (g/m2),65.6534441964377
Artemisia tridentata,LMA (g/m2),126.4765917
Aruncus dioicus,LMA (g/m2),23.66192807
Asclepias speciosa,LMA (g/m2),49.1807529945755
Aster conspicuus,LMA (g/m2),128.794892030082
Athyrium filix-femina,LMA (g/m2),72.901652671023
Balsamorhiza sagittata,LMA (g/m2),98.84050675
Berberis nervosa,LMA (g/m2),71.99265052
Betula nana,LMA (g/m2),78.98287712
Betula occidentalis,LMA (g/m2),61.89495366
Betula papyrifera,LMA (g/m2),63.58402842
Betula pumila,LMA (g/m2),97.05408395
Blechnum spicant,LMA (g/m2),91.91192
Bromus carinatus,LMA (g/m2),61.2757065042167
Calamagrostis rubescens,LMA (g/m2),73.464527195541
Calochortus macrocarpus,LMA (g/m2),43.921046025218
Calypso bulbosa,LMA (g/m2),62.2352367626261
Camassia leichtlinii,LMA (g/m2),49.3118965165085
Camassia quamash,LMA (g/m2),52.4211623723998
Campanula rotundifolia,LMA (g/m2),44.40538487
Carex obnupta,LMA (g/m2),66.6545200361891
Carex rostrata,LMA (g/m2),65.32038293
Castilleja hispida,LMA (g/m2),65.1691801260763
Castilleja miniata,LMA (g/m2),62.0762031676454
Ceanothus sanguineus,LMA (g/m2),41.9463325681581
Ceanothus velutinus,LMA (g/m2),112.3893805
Chenopodium capitatum,LMA (g/m2),67.6725131892099
Chimaphila umbellata,LMA (g/m2),109.5290252
Cicuta douglasii,LMA (g/m2),49.0550236366278
Cicuta virosa,LMA (g/m2),50.64244213
Cirsium arvense,LMA (g/m2),41.8295339
Cirsium brevistylum,LMA (g/m2),40.5240411903236
Cirsium undulatum,LMA (g/m2),139.4
Cirsium vulgare,LMA (g/m2),70.62306208
Claytonia lanceolata,LMA (g/m2),47.3936459140463
Claytonia sibirica,LMA (g/m2),26.42432565
Clematis columbiana,LMA (g/m2),59.5864994888625
Clematis ligusticifolia,LMA (g/m2),57.8497417766669
Clematis occidentalis,LMA (g/m2),59.2182120821848
Clintonia uniflora,LMA (g/m2),60.4253857296475
Comandra umbellata,LMA (g/m2),75.09841374
Comarum palustre,LMA (g/m2),55.30288288
Cornus canadensis,LMA (g/m2),45.05958967
Cornus nuttallii,LMA (g/m2),28.5225328
Cornus sericea,LMA (g/m2),45.50538139
Cornus suecica,LMA (g/m2),29.76673742
Corylus cornuta,LMA (g/m2),33.07972213
Crataegus douglasii,LMA (g/m2),157.719629707457
Cupressus nootkatensis,LMA (g/m2),223.421925106426
Dasiphora fruticosa,LMA (g/m2),78.0177057
Delphinium nuttallianum,LMA (g/m2),81.99221159
Dicentra formosa,LMA (g/m2),44.922832186634
Dodecatheon hendersonii,LMA (g/m2),45.7448140428892
Dodecatheon jeffreyi,LMA (g/m2),160.17553178906
Dodecatheon meadia,LMA (g/m2),60.9110648806626
Dodecatheon pulchellum,LMA (g/m2),58.7128117500373
Drosera anglica,LMA (g/m2),40.04699469
Drosera rotundifolia,LMA (g/m2),24.4458293
Dryopteris expansa,LMA (g/m2),48.6362569
Elaeagnus commutata,LMA (g/m2),49.9776052868388
Elymus spicatus,LMA (g/m2),134.859242563643
Empetrum nigrum,LMA (g/m2),124.7974416
Epilobium angustifolium,LMA (g/m2),56.70779547
Equisetum arvense,LMA (g/m2),72.6147021
Equisetum hyemale,LMA (g/m2),308.2822368
Equisetum telmateia,LMA (g/m2),61.23698714
Ericameria nauseosa,LMA (g/m2),66.6558687705219
Eriophorum angustifolium,LMA (g/m2),113.7435365
Erythronium grandiflorum,LMA (g/m2),56.09478507
Fragaria chiloensis,LMA (g/m2),44.126987385331
Fragaria vesca,LMA (g/m2),45.25659016
Fragaria virginiana,LMA (g/m2),61.38487072
Frangula purshiana,LMA (g/m2),51.0042954189049
Fritillaria affinis,LMA (g/m2),42.7423494263788
Fritillaria pudica,LMA (g/m2),52.7780880079325
Gaillardia aristata,LMA (g/m2),49.4513926461098
Galium aparine,LMA (g/m2),25.91241419
Galium triflorum,LMA (g/m2),28
Gaultheria shallon,LMA (g/m2),94.3870272
Geranium viscosissimum,LMA (g/m2),69.56219115
Geum macrophyllum,LMA (g/m2),25.33734702
Geum triflorum,LMA (g/m2),86.12524569
Goodyera oblongifolia,LMA (g/m2),58.3714273807013
Gymnocarpium dryopteris,LMA (g/m2),19.88946073
Hedysarum alpinum,LMA (g/m2),64.02048656
Heracleum maximum,LMA (g/m2),46.0484345495279
Heuchera cylindrica,LMA (g/m2),45.8748288891398
Hierochloe odorata,LMA (g/m2),24.09058058
Holodiscus discolor,LMA (g/m2),58.20935201
Hordeum jubatum,LMA (g/m2),38.75092149
Juncus effusus,LMA (g/m2),167.7669431
Juniperus communis,LMA (g/m2),113.2400577
Juniperus maritima,LMA (g/m2),204.295416701394
Juniperus scopulorum,LMA (g/m2),260.319556
Kalmia microphylla,LMA (g/m2),93.3110132017007
Lappula redowskii,LMA (g/m2),121.227258606282
Larix laricina,LMA (g/m2),93.58054548
Larix occidentalis,LMA (g/m2),94.40037599
Lathyrus japonicus,LMA (g/m2),59.5929665846328
Lathyrus nevadensis,LMA (g/m2),50.5792228747005
Lathyrus ochroleucus,LMA (g/m2),53.4683096298257
Ledum glandulosum,LMA (g/m2),45.4283466813467
Ledum palustre subsp. groenlandicum,LMA (g/m2),111.9968836
Lewisia rediviva,LMA (g/m2),56.3289992111877
Leymus cinereus,LMA (g/m2),57.3138414213548
Leymus mollis,LMA (g/m2),53.8685947880709
Ligusticum scoticum,LMA (g/m2),55.2753087754183
Lilium columbianum,LMA (g/m2),41.9503091913827
Linnaea borealis,LMA (g/m2),33.56212349
Lithospermum ruderale,LMA (g/m2),56.0027578843339
Lomatium canbyi,LMA (g/m2),58.8619532252903
Lomatium cous,LMA (g/m2),56.5516236867643
Lomatium dissectum,LMA (g/m2),45.0814145559529
Lomatium nudicaule,LMA (g/m2),46.9995039569085
Lonicera ciliosa,LMA (g/m2),49.9489398976671
Lonicera involucrata,LMA (g/m2),34.16607754
Lupinus nootkatensis,LMA (g/m2),49.4676072443143
Lupinus polyphyllus,LMA (g/m2),41.66660813
Lycopodium clavatum,LMA (g/m2),45.89261129
Lysichiton americanus,LMA (g/m2),54.5702640501267
Lysimachia maritima,LMA (g/m2),58.28274302
Maianthemum dilatatum,LMA (g/m2),51.6061701123212
Maianthemum racemosum,LMA (g/m2),49.64568932
Malus fusca,LMA (g/m2),124.541250059333
Mentha arvensis,LMA (g/m2),25.74750102
Menziesia ferruginea,LMA (g/m2),40.0918706280297
Moneses uniflora,LMA (g/m2),53.76862489
Monotropa uniflora,LMA (g/m2),60.3058179875529
Myrica gale,LMA (g/m2),87.0754172
Nicotiana attenuata,LMA (g/m2),62.7087243460605
Nicotiana quadrivalvis,LMA (g/m2),70.0409178702999
Nicotiana tabacum,LMA (g/m2),22.67573696
Nuphar lutea,LMA (g/m2),78.21272663
Oemleria cerasiformis,LMA (g/m2),58.37711617
Oenanthe sarmentosa,LMA (g/m2),43.1995949610645
Oplopanax horridus,LMA (g/m2),45.6722602173886
Opuntia fragilis,LMA (g/m2),61.6064582113372
Opuntia polyacantha,LMA (g/m2),61.9252676791022
Osmorhiza berteroi,LMA (g/m2),47.295940761158
Osmorhiza occidentalis,LMA (g/m2),37.18756563
Oxalis oregana,LMA (g/m2),59.3353261285715
Oxyria digyna,LMA (g/m2),41.79001724
Paxistima myrsinites,LMA (g/m2),155.7893316
Penstemon fruticosus,LMA (g/m2),64.5465675019534
Perideridia gairdneri,LMA (g/m2),54.6470711700849
Petasites frigidus,LMA (g/m2),56.80768622
Phalaris arundinacea,LMA (g/m2),45.91214949
Philadelphus lewisii,LMA (g/m2),68.6253003779263
Phyllospadix iwatensis,LMA (g/m2),63.73486297
Physocarpus capitatus,LMA (g/m2),47.1090258577178
Physocarpus malvaceus,LMA (g/m2),60.19417474
Picea engelmannii,LMA (g/m2),311.5884067
Picea glauca,LMA (g/m2),239.1733491
Picea mariana,LMA (g/m2),296.5208299
Picea sitchensis,LMA (g/m2),202.5478562
Pinus albicaulis,LMA (g/m2),242.1626967
Pinus contorta,LMA (g/m2),266.8672736
Pinus monticola,LMA (g/m2),172.7695926
Pinus ponderosa,LMA (g/m2),287.3850288
Plantago major,LMA (g/m2),53.22780929
Plantago maritima,LMA (g/m2),97.7591445
Platanthera dilatata,LMA (g/m2),65.8263660087798
Polypodium vulgare,LMA (g/m2),75.78483244
Polystichum munitum,LMA (g/m2),76.314904007408
Populus balsamifera,LMA (g/m2),72.75577005
Populus tremuloides,LMA (g/m2),69.52013404
Populus trichocarpa,LMA (g/m2),97
Potamogeton natans,LMA (g/m2),35.38449379
Potentilla anserina,LMA (g/m2),52.0447113
Potentilla anserina subsp. groenlandica,LMA (g/m2),50.2011888025807
Prunus emarginata,LMA (g/m2),66.95961348
Prunus pensylvanica,LMA (g/m2),60.79145317
Prunus virginiana,LMA (g/m2),39.59015991
Pseudotsuga menziesii,LMA (g/m2),161.1309025
Pteridium aquilinum,LMA (g/m2),56.73805838
Purshia tridentata,LMA (g/m2),224.2565964
Pyrola asarifolia,LMA (g/m2),75.6447782413423
Quercus garryana,LMA (g/m2),52.1225727108592
Ranunculus acris,LMA (g/m2),48.23260758
Ranunculus glaberrimus,LMA (g/m2),60.8525978168601
Ranunculus occidentalis,LMA (g/m2),42.0111366969213
Rhodiola rosea var. rosea,LMA (g/m2),73.0502043965789
Rhododendron albiflorum,LMA (g/m2),65.5832070323978
Rhus glabra,LMA (g/m2),67.54501045
Ribes aureum,LMA (g/m2),42.1020914958364
Ribes bracteosum,LMA (g/m2),40.0918706280297
Ribes cereum,LMA (g/m2),40.9010833266506
Ribes divaricatum,LMA (g/m2),28.91844997
Ribes glandulosum,LMA (g/m2),27.5156832
Ribes hudsonianum,LMA (g/m2),106.164580156161
Ribes inerme,LMA (g/m2),41.6280076680276
Ribes lacustre,LMA (g/m2),64.4176527982646
Ribes laxiflorum,LMA (g/m2),40.0918706280297
Ribes oxyacanthoides,LMA (g/m2),43.1674678708688
Ribes sanguineum,LMA (g/m2),45.30502352
Ribes triste,LMA (g/m2),41.51137958492
Rosa acicularis,LMA (g/m2),53.18663018
Rosa gymnocarpa,LMA (g/m2),46.3536555473315
Rosa nutkana,LMA (g/m2),44.8363410991478
Rosa pisocarpa,LMA (g/m2),48.0660555672089
Rosa woodsii,LMA (g/m2),63.29113924
Rubus arcticus,LMA (g/m2),55.2334263545098
Rubus chamaemorus,LMA (g/m2),77.83325453
Rubus idaeus,LMA (g/m2),45.57786255
Rubus leucodermis,LMA (g/m2),65.9237926626255
Rubus parviflorus,LMA (g/m2),22.25684398
Rubus pubescens,LMA (g/m2),27.51125441
Rubus spectabilis,LMA (g/m2),52.9569685246815
Rubus ursinus,LMA (g/m2),34.59010723
Rumex aquaticus,LMA (g/m2),43.37410768
Sagittaria cuneata,LMA (g/m2),48.1928601706083
Sagittaria latifolia,LMA (g/m2),33.3550337
Salix barclayi,LMA (g/m2),55.1690544770115
Salix bebbiana,LMA (g/m2),62.2857509188822
Salix discolor,LMA (g/m2),60.6775323807656
Salix exigua,LMA (g/m2),59.5136732675713
Salix hookeriana,LMA (g/m2),62.1430919647999
Salix lucida,LMA (g/m2),50.58168943
Salix scouleriana,LMA (g/m2),59.0830896082476
Salix sitchensis,LMA (g/m2),67.2096772073171
Sambucus nigra,LMA (g/m2),47.88911116
Sambucus racemosa,LMA (g/m2),43.89028656
Schoenoplectus acutus,LMA (g/m2),56.6647320638381
Schoenoplectus americanus,LMA (g/m2),150.3759398
Scirpus microcarpus,LMA (g/m2),54.54286178
Shepherdia canadensis,LMA (g/m2),46.1715236408067
Sium suave,LMA (g/m2),44.6930086492949
Solidago canadensis,LMA (g/m2),60.79755528
Sorbus scopulina,LMA (g/m2),71.40482127
Sorbus sitchensis,LMA (g/m2),61.6580551863726
Spiraea betulifolia,LMA (g/m2),66.4799942116092
Spiraea douglasii,LMA (g/m2),65.4885820311473
Stachys chamissonis,LMA (g/m2),39.3663731402479
Streptopus amplexifolius,LMA (g/m2),21.0796859
Streptopus streptopoides,LMA (g/m2),60.062279041422
Symphoricarpos albus,LMA (g/m2),46.79441482
Taxus brevifolia,LMA (g/m2),136.9863014
Thalictrum occidentale,LMA (g/m2),52.1223671417672
Thuja plicata,LMA (g/m2),56.59309564
Toxicodendron radicans,LMA (g/m2),46.7818659
Toxicoscordion venenosum,LMA (g/m2),41.5326396498996
Trifolium wormskioldii,LMA (g/m2),47.7092953639648
Triglochin maritima,LMA (g/m2),88.8279559
Trillium ovatum,LMA (g/m2),47.9649309152096
Triteleia grandiflora,LMA (g/m2),44.6395737846743
Tsuga heterophylla,LMA (g/m2),82.10877929
Tsuga mertensiana,LMA (g/m2),231.4814815
Typha latifolia,LMA (g/m2),94.61265942
Urtica dioica,LMA (g/m2),34.57528752
Vaccinium alaskaense,LMA (g/m2),41.7210086647547
Vaccinium caespitosum,LMA (g/m2),149.4163084
Vaccinium membranaceum,LMA (g/m2),66.6606451908658
Vaccinium myrtilloides,LMA (g/m2),68.39526809
Vaccinium myrtillus,LMA (g/m2),51.93566391
Vaccinium ovalifolium,LMA (g/m2),60.9884936860395
Vaccinium ovatum,LMA (g/m2),125.058137596646
Vaccinium oxycoccos,LMA (g/m2),100.9688996
Vaccinium parvifolium,LMA (g/m2),73.3963488513048
Vaccinium scoparium,LMA (g/m2),43.82685403815
Vaccinium uliginosum,LMA (g/m2),69.12888427
Vaccinium vitis-idaea,LMA (g/m2),130.7908995
Valeriana edulis,LMA (g/m2),78.80827693
Valeriana sitchensis,LMA (g/m2),39.8703921633516
Veratrum viride,LMA (g/m2),41.0066063114278
Viburnum edule,LMA (g/m2),31.9027543
Viburnum opulus,LMA (g/m2),58.27973225
Vicia nigricans,LMA (g/m2),50.084237219326
Viola adunca,LMA (g/m2),81.63895992
Xerophyllum tenax,LMA (g/m2),38.4734050088734
Zostera marina,LMA (g/m2),58.51841094
Abies amabilis,LeafArea,87.7984907721643
Abies grandis,LeafArea,180
Abies lasiocarpa,LeafArea,35.04
Acer circinatum,LeafArea,3019
Acer glabrum,LeafArea,3280.53
Acer macrophyllum,LeafArea,11632.91
Achillea millefolium,LeafArea,627.23
Achlys triphylla,LeafArea,3183.89442496113
Actaea rubra,LeafArea,1252.29
Adiantum pedatum,LeafArea,95.53
Agoseris glauca,LeafArea,520
Allium cernuum,LeafArea,3179.73941051722
Allium geyeri,LeafArea,117.97
Allium schoenoprasum,LeafArea,556
Alnus alnobetula subsp. crispa,LeafArea,5936.21
Alnus alnobetula subsp. sinuata,LeafArea,2266.78966634483
Alnus incana subsp. tenuifolia,LeafArea,1954.18028315441
Alnus rubra,LeafArea,916.316185704269
Amelanchier alnifolia,LeafArea,964.61
Anaphalis margaritacea,LeafArea,1465.02
Anemone multifida,LeafArea,1588.72018997438
Angelica lucida,LeafArea,2995.74008717641
Antennaria neglecta,LeafArea,278.08
Anticlea elegans,LeafArea,454.176832072519
Apocynum androsaemifolium,LeafArea,7156.82
Apocynum cannabinum,LeafArea,1238.24494682154
Aquilegia formosa,LeafArea,5775.49885461946
Aralia nudicaulis,LeafArea,4321.2
Arbutus menziesii,LeafArea,4276.55
Arctostaphylos uva-ursi,LeafArea,172.17
Arctous alpina,LeafArea,219
Arnica cordifolia,LeafArea,1283.83
Artemisia dracunculus,LeafArea,87.72
Artemisia frigida,LeafArea,230.85
Artemisia ludoviciana,LeafArea,262.21
Artemisia tilesii,LeafArea,718.599641250218
Artemisia tridentata,LeafArea,37.72
Aruncus dioicus,LeafArea,97188.52
Asclepias speciosa,LeafArea,5898.88217051202
Aster conspicuus,LeafArea,389.562950006226
Athyrium filix-femina,LeafArea,283.590518836657
Balsamorhiza sagittata,LeafArea,6992.42
Berberis nervosa,LeafArea,1120.97021550333
Betula nana,LeafArea,51.78
Betula occidentalis,LeafArea,1637.30076501024
Betula papyrifera,LeafArea,2536.38
Betula pumila,LeafArea,245.2
Blechnum spicant,LeafArea,125.541514347978
Bromus carinatus,LeafArea,1716
Calamagrostis rubescens,LeafArea,1474.36954759393
Calochortus macrocarpus,LeafArea,2731.35169968025
Calypso bulbosa,LeafArea,538.784366297535
Camassia leichtlinii,LeafArea,5144.79553707267
Camassia quamash,LeafArea,3842.61752920263
Campanula rotundifolia,LeafArea,62.67
Carex obnupta,LeafArea,1623.56030821898
Carex rostrata,LeafArea,1698.77
Castilleja hispida,LeafArea,632.165250869959
Castilleja miniata,LeafArea,592.077378005901
Ceanothus sanguineus,LeafArea,2724.79000195635
Ceanothus velutinus,LeafArea,335.201957638787
Chenopodium capitatum,LeafArea,548.491598090527
Chimaphila umbellata,LeafArea,122.51
Cicuta douglasii,LeafArea,3684.01889535756
Cicuta virosa,LeafArea,17017.66
Cirsium arvense,LeafArea,5570.16
Cirsium brevistylum,LeafArea,4860.25807416786
Cirsium undulatum,LeafArea,899.289526051203
Cirsium vulgare,LeafArea,6798.49
Claytonia lanceolata,LeafArea,76.72
Claytonia sibirica,LeafArea,316
Clematis columbiana,LeafArea,1499.70548964281
Clematis ligusticifolia,LeafArea,3213
Clematis occidentalis,LeafArea,1471.66693777755
Clintonia uniflora,LeafArea,2056.52846085329
Comandra umbellata,LeafArea,96.62
Comarum palustre,LeafArea,2197.21
Cornus canadensis,LeafArea,771.38
Cornus nuttallii,LeafArea,3200
Cornus sericea,LeafArea,2345.51
Cornus suecica,LeafArea,301.4
Corylus cornuta,LeafArea,3166.4
Crataegus douglasii,LeafArea,123.473373894248
Cupressus nootkatensis,LeafArea,44.9749658576255
Dasiphora fruticosa,LeafArea,152.07
Delphinium nuttallianum,LeafArea,381.97
Dicentra formosa,LeafArea,3241.10220854874
Dodecatheon hendersonii,LeafArea,1448.36191428452
Dodecatheon jeffreyi,LeafArea,417.76286099616
Dodecatheon meadia,LeafArea,1065.97128259643
Dodecatheon pulchellum,LeafArea,408.09
Drosera anglica,LeafArea,200.84
Drosera rotundifolia,LeafArea,47.44
Dryopteris expansa,LeafArea,327.76162510949
Elaeagnus commutata,LeafArea,2439.99601646982
Elymus spicatus,LeafArea,385.926763301727
Empetrum nigrum,LeafArea,4.8
Epilobium angustifolium,LeafArea,2207.76
Equisetum arvense,LeafArea,112.82
Equisetum hyemale,LeafArea,187.44
Equisetum telmateia,LeafArea,50.33
Ericameria nauseosa,LeafArea,884.423055054316
Eriophorum angustifolium,LeafArea,1159.4
Erythronium grandiflorum,LeafArea,2135.49
Fragaria chiloensis,LeafArea,254.991377231851
Fragaria vesca,LeafArea,1112.11
Fragaria virginiana,LeafArea,1285.81
Frangula purshiana,LeafArea,2555.71919071359
Fritillaria affinis,LeafArea,7137.75489302262
Fritillaria pudica,LeafArea,688.115306922419
Gaillardia aristata,LeafArea,2739.10516798103
Galium aparine,LeafArea,159.05
Galium triflorum,LeafArea,389.450892004154
Gaultheria shallon,LeafArea,3019
Geranium viscosissimum,LeafArea,2505.36
Geum macrophyllum,LeafArea,1010.98
Geum triflorum,LeafArea,828.8
Goodyera oblongifolia,LeafArea,513.078356430658
Gymnocarpium dryopteris,LeafArea,4084.08
Hedysarum alpinum,LeafArea,1911.08646226957
Heracleum maximum,LeafArea,12356.38
Heuchera cylindrica,LeafArea,3010.38571421717
Hierochloe odorata,LeafArea,33
Holodiscus discolor,LeafArea,661.42
Hordeum jubatum,LeafArea,181
Juncus effusus,LeafArea,1402
Juniperus communis,LeafArea,20.68
Juniperus maritima,LeafArea,83.7494340727372
Juniperus scopulorum,LeafArea,80.1477250963907
Kalmia microphylla,LeafArea,172.315463842021
Lappula redowskii,LeafArea,397.690060125229
Larix laricina,LeafArea,33
Larix occidentalis,LeafArea,25.2
Lathyrus japonicus,LeafArea,827.034859101275
Lathyrus nevadensis,LeafArea,1290.66704234981
Lathyrus ochroleucus,LeafArea,5817.4228368322
Ledum glandulosum,LeafArea,2691.23100131321
Ledum palustre subsp. groenlandicum,LeafArea,249.96
Lewisia rediviva,LeafArea,1669.49290563251
Leymus cinereus,LeafArea,2343.12409709928
Leymus mollis,LeafArea,1949.74568409972
Ligusticum scoticum,LeafArea,3162
Lilium columbianum,LeafArea,5572.59500445503
Linnaea borealis,LeafArea,92.96
Lithospermum ruderale,LeafArea,2350.09343947658
Lomatium canbyi,LeafArea,1775.87054232661
Lomatium cous,LeafArea,1835.34510763603
Lomatium dissectum,LeafArea,4275.24343652634
Lomatium nudicaule,LeafArea,5599.12175687742
Lonicera ciliosa,LeafArea,1328.54192100887
Lonicera involucrata,LeafArea,3198.17
Lupinus nootkatensis,LeafArea,4652.02436139017
Lupinus polyphyllus,LeafArea,1460.17
Lycopodium clavatum,LeafArea,2.39
Lysichiton americanus,LeafArea,4728.12390511371
Lysimachia maritima,LeafArea,39.57
Maianthemum dilatatum,LeafArea,9050
Maianthemum racemosum,LeafArea,1105.33
Malus fusca,LeafArea,86.9288249822595
Mentha arvensis,LeafArea,566.07
Menziesia ferruginea,LeafArea,2549.24485200646
Moneses uniflora,LeafArea,358.33
Monotropa uniflora,LeafArea,323.524222397145
Myrica gale,LeafArea,144.78
Nicotiana attenuata,LeafArea,385.844939579741
Nicotiana quadrivalvis,LeafArea,568.402161859158
Nicotiana tabacum,LeafArea,9050
Nuphar lutea,LeafArea,24904.2
Oemleria cerasiformis,LeafArea,1170
Oenanthe sarmentosa,LeafArea,7824.44832815117
Oplopanax horridus,LeafArea,2229.2588594617
Opuntia fragilis,LeafArea,1426.35678492058
Opuntia polyacantha,LeafArea,1410.65613671544
Osmorhiza berteroi,LeafArea,2995.74008717641
Osmorhiza occidentalis,LeafArea,345.32
Oxalis oregana,LeafArea,675
Oxyria digyna,LeafArea,375.01
Paxistima myrsinites,LeafArea,102.58
Penstemon fruticosus,LeafArea,698.030821586929
Perideridia gairdneri,LeafArea,2057.37609586857
Petasites frigidus,LeafArea,446.362054058212
Phalaris arundinacea,LeafArea,2344.28
Philadelphus lewisii,LeafArea,642.306475956466
Phyllospadix iwatensis,LeafArea,384.768418920963
Physocarpus capitatus,LeafArea,2324.67350304257
Physocarpus malvaceus,LeafArea,1063.61658052644
Picea engelmannii,LeafArea,29.39
Picea glauca,LeafArea,23.72
Picea mariana,LeafArea,30
Picea sitchensis,LeafArea,17.99
Pinus albicaulis,LeafArea,351.607044550152
Pinus contorta,LeafArea,50
Pinus monticola,LeafArea,78.6445781265975
Pinus ponderosa,LeafArea,160
Plantago major,LeafArea,4852.23
Plantago maritima,LeafArea,749.42
Platanthera dilatata,LeafArea,325.652055488317
Polypodium vulgare,LeafArea,6187.34
Polystichum munitum,LeafArea,228.700289020284
Populus balsamifera,LeafArea,2774
Populus tremuloides,LeafArea,2066.58
Populus trichocarpa,LeafArea,229.605001713458
Potamogeton natans,LeafArea,2369.5
Potentilla anserina,LeafArea,928.14
Potentilla anserina subsp. groenlandica,LeafArea,522.901896732008
Prunus emarginata,LeafArea,2467.61
Prunus pensylvanica,LeafArea,2047.7
Prunus virginiana,LeafArea,975.08
Pseudotsuga menziesii,LeafArea,31.17
Pteridium aquilinum,LeafArea,381.204376384633
Purshia tridentata,LeafArea,29
Pyrola asarifolia,LeafArea,258.978808682629
Quercus garryana,LeafArea,2525.7372384617
Ranunculus acris,LeafArea,595.19
Ranunculus glaberrimus,LeafArea,891.776520014448
Ranunculus occidentalis,LeafArea,6952.16211249035
Rhodiola rosea var. rosea,LeafArea,544.591864200933
Rhododendron albiflorum,LeafArea,682.31614381079
Rhus glabra,LeafArea,7137.6
Ribes aureum,LeafArea,3056.11576685755
Ribes bracteosum,LeafArea,2549.24485200646
Ribes cereum,LeafArea,2793.86357996927
Ribes divaricatum,LeafArea,1198
Ribes glandulosum,LeafArea,2422.52
Ribes hudsonianum,LeafArea,155.337219645304
Ribes inerme,LeafArea,2515.1991384265
Ribes lacustre,LeafArea,856.792030421285
Ribes laxiflorum,LeafArea,2549.24485200646
Ribes oxyacanthoides,LeafArea,2528.14805374785
Ribes sanguineum,LeafArea,3295
Ribes triste,LeafArea,2080.42651401768
Rosa acicularis,LeafArea,438.784050969457
Rosa gymnocarpa,LeafArea,2393.67726253717
Rosa nutkana,LeafArea,2439.07959812819
Rosa pisocarpa,LeafArea,2400.76624678697
Rosa woodsii,LeafArea,714.9
Rubus arcticus,LeafArea,620.640979305169
Rubus chamaemorus,LeafArea,1923.79
Rubus idaeus,LeafArea,2198.09
Rubus leucodermis,LeafArea,566.818185594101
Rubus parviflorus,LeafArea,15257
Rubus pubescens,LeafArea,4175.16
Rubus spectabilis,LeafArea,1852.18788347581
Rubus ursinus,LeafArea,1793
Rumex aquaticus,LeafArea,21992.29
Sagittaria cuneata,LeafArea,2028.55489409357
Sagittaria latifolia,LeafArea,1321.57
Salix barclayi,LeafArea,2192.31113719882
Salix bebbiana,LeafArea,1351.79691521696
Salix discolor,LeafArea,1484.53
Salix exigua,LeafArea,1343.13118033666
Salix hookeriana,LeafArea,833.386156204122
Salix lucida,LeafArea,1974
Salix scouleriana,LeafArea,1376.14322843718
Salix sitchensis,LeafArea,662.151115355447
Sambucus nigra,LeafArea,1060.6
Sambucus racemosa,LeafArea,1868.02
Schoenoplectus acutus,LeafArea,2215.05043317272
Schoenoplectus americanus,LeafArea,496.315160914466
Scirpus microcarpus,LeafArea,5839.17
Shepherdia canadensis,LeafArea,2387.45891173315
Sium suave,LeafArea,226.05949821721
Solidago canadensis,LeafArea,894.72
Sorbus scopulina,LeafArea,4812
Sorbus sitchensis,LeafArea,2359.08755763995
Spiraea betulifolia,LeafArea,711.100137556499
Spiraea douglasii,LeafArea,604.502877480251
Stachys chamissonis,LeafArea,5580.43090475845
Streptopus amplexifolius,LeafArea,2957.04
Streptopus streptopoides,LeafArea,9499.99999999999
Symphoricarpos albus,LeafArea,1318.87
Taxus brevifolia,LeafArea,40
Thalictrum occidentale,LeafArea,3918.78002196971
Thuja plicata,LeafArea,155.834106578459
Toxicodendron radicans,LeafArea,2080.71834109975
Toxicoscordion venenosum,LeafArea,5617.9559486404
Trifolium wormskioldii,LeafArea,6318.42326920543
Triglochin maritima,LeafArea,394.64
Trillium ovatum,LeafArea,4874.33672308623
Triteleia grandiflora,LeafArea,1566.21289899976
Tsuga heterophylla,LeafArea,75
Tsuga mertensiana,LeafArea,45.7077902111848
Typha latifolia,LeafArea,17369.99
Urtica dioica,LeafArea,1552.74
Vaccinium alaskaense,LeafArea,2994.62115589677
Vaccinium caespitosum,LeafArea,176.32
Vaccinium membranaceum,LeafArea,581.990194477891
Vaccinium myrtilloides,LeafArea,293.99
Vaccinium myrtillus,LeafArea,145.27
Vaccinium ovalifolium,LeafArea,836.892779158526
Vaccinium ovatum,LeafArea,55.6627706103277
Vaccinium oxycoccos,LeafArea,16.2
Vaccinium parvifolium,LeafArea,590.815478030459
Vaccinium scoparium,LeafArea,1673.12694374638
Vaccinium uliginosum,LeafArea,81.46
Vaccinium vitis-idaea,LeafArea,75.3
Valeriana edulis,LeafArea,2349.53
Valeriana sitchensis,LeafArea,5115.38042221324
Veratrum viride,LeafArea,4635.18644678195
Viburnum edule,LeafArea,2408.66
Viburnum opulus,LeafArea,3016.08
Vicia nigricans,LeafArea,6811.29221555139
Viola adunca,LeafArea,157.63
Xerophyllum tenax,LeafArea,4543.56117712443
Zostera marina,LeafArea,3162
Abies amabilis,PlantHeight,45.95737787
Abies grandis,PlantHeight,54.9171867
Abies lasiocarpa,PlantHeight,26.65503063
Acer circinatum,PlantHeight,23.59083116
Acer glabrum,PlantHeight,11.26788129
Acer macrophyllum,PlantHeight,22.45122295
Achillea millefolium,PlantHeight,0.313157943
Achlys triphylla,PlantHeight,0.768500663676662
Actaea rubra,PlantHeight,1
Adiantum pedatum,PlantHeight,0.39
Agoseris glauca,PlantHeight,0.181659021
Allium cernuum,PlantHeight,0.736107245835697
Allium geyeri,PlantHeight,0.0562
Allium schoenoprasum,PlantHeight,0.311765065
Alnus alnobetula subsp. crispa,PlantHeight,3
Alnus alnobetula subsp. sinuata,PlantHeight,4.93593761405063
Alnus incana subsp. tenuifolia,PlantHeight,14.3517781394081
Alnus rubra,PlantHeight,30.98284191
Amelanchier alnifolia,PlantHeight,3.86283244
Anaphalis margaritacea,PlantHeight,0.633818409
Anemone multifida,PlantHeight,0.6
Angelica lucida,PlantHeight,0.570300080906758
Antennaria neglecta,PlantHeight,0.3
Anticlea elegans,PlantHeight,0.1618
Apocynum androsaemifolium,PlantHeight,0.735820838
Apocynum cannabinum,PlantHeight,0.95
Aquilegia formosa,PlantHeight,0.91
Aralia nudicaulis,PlantHeight,0.45
Arbutus menziesii,PlantHeight,19.71806211
Arctostaphylos uva-ursi,PlantHeight,0.269174936
Arctous alpina,PlantHeight,0.994223475817348
Arnica cordifolia,PlantHeight,0.45
Artemisia dracunculus,PlantHeight,0.788412343
Artemisia frigida,PlantHeight,0.6
Artemisia ludoviciana,PlantHeight,0.48641546
Artemisia tilesii,PlantHeight,1.9
Artemisia tridentata,PlantHeight,1.807239194
Aruncus dioicus,PlantHeight,1.103405285
Asclepias speciosa,PlantHeight,1.82
Aster conspicuus,PlantHeight,0.259753312462108
Athyrium filix-femina,PlantHeight,0.633536272
Balsamorhiza sagittata,PlantHeight,0.6
Berberis nervosa,PlantHeight,0.571441762
Betula nana,PlantHeight,0.394932857
Betula occidentalis,PlantHeight,12.34503949
Betula papyrifera,PlantHeight,14.69789012
Betula pumila,PlantHeight,3.489985673
Blechnum spicant,PlantHeight,0.371950331
Bromus carinatus,PlantHeight,1.205
Calamagrostis rubescens,PlantHeight,0.91
Calochortus macrocarpus,PlantHeight,0.54
Calypso bulbosa,PlantHeight,0.185967596463455
Camassia leichtlinii,PlantHeight,1.37726729076622
Camassia quamash,PlantHeight,0.7
Campanula rotundifolia,PlantHeight,0.227134281
Carex obnupta,PlantHeight,0.91
Carex rostrata,PlantHeight,0.468669026
Castilleja hispida,PlantHeight,0.45
Castilleja miniata,PlantHeight,0.365568769035039
Ceanothus sanguineus,PlantHeight,3.04
Ceanothus velutinus,PlantHeight,3.019933774
Chenopodium capitatum,PlantHeight,0.378224476
Chimaphila umbellata,PlantHeight,0.095637489
Cicuta douglasii,PlantHeight,1.82
Cicuta virosa,PlantHeight,0.876134937
Cirsium arvense,PlantHeight,0.652958113
Cirsium brevistylum,PlantHeight,0.946126719284969
Cirsium undulatum,PlantHeight,1.2
Cirsium vulgare,PlantHeight,0.92238856
Claytonia lanceolata,PlantHeight,0.18856970598179
Claytonia sibirica,PlantHeight,0.356635317
Clematis columbiana,PlantHeight,1.5
Clematis ligusticifolia,PlantHeight,0.3
Clematis occidentalis,PlantHeight,1.24959447313213
Clintonia uniflora,PlantHeight,0.31788668600452
Comandra umbellata,PlantHeight,0.282842712
Comarum palustre,PlantHeight,0.371233216
Cornus canadensis,PlantHeight,0.15
Cornus nuttallii,PlantHeight,14.72585482
Cornus sericea,PlantHeight,2.663296645
Cornus suecica,PlantHeight,0.164964651
Corylus cornuta,PlantHeight,3.394021317
Crataegus douglasii,PlantHeight,3.123716806
Cupressus nootkatensis,PlantHeight,35.33263902
Dasiphora fruticosa,PlantHeight,0.69418808
Delphinium nuttallianum,PlantHeight,0.272706292950325
Dicentra formosa,PlantHeight,0.564621617
Dodecatheon hendersonii,PlantHeight,0.602273360598232
Dodecatheon jeffreyi,PlantHeight,0.274349445675663
Dodecatheon meadia,PlantHeight,0.6
Dodecatheon pulchellum,PlantHeight,0.6
Drosera anglica,PlantHeight,0.07513135
Drosera rotundifolia,PlantHeight,0.07657073
Dryopteris expansa,PlantHeight,1.2
Elaeagnus commutata,PlantHeight,2.817831976
Elymus spicatus,PlantHeight,0.635148102
Empetrum nigrum,PlantHeight,0.213461056
Epilobium angustifolium,PlantHeight,0.831719514
Equisetum arvense,PlantHeight,0.348986214
Equisetum hyemale,PlantHeight,0.510721334
Equisetum telmateia,PlantHeight,1.168182022
Ericameria nauseosa,PlantHeight,1.21
Eriophorum angustifolium,PlantHeight,0.280294636
Erythronium grandiflorum,PlantHeight,0.3
Fragaria chiloensis,PlantHeight,0.24
Fragaria vesca,PlantHeight,0.113880257
Fragaria virginiana,PlantHeight,0.106933128
Frangula purshiana,PlantHeight,10.33
Fritillaria affinis,PlantHeight,1.18942849927929
Fritillaria pudica,PlantHeight,0.3
Gaillardia aristata,PlantHeight,0.6
Galium aparine,PlantHeight,0.389570305
Galium triflorum,PlantHeight,0.241516184722772
Gaultheria shallon,PlantHeight,1.471306473
Geranium viscosissimum,PlantHeight,0.91
Geum macrophyllum,PlantHeight,0.6
Geum triflorum,PlantHeight,0.45
Goodyera oblongifolia,PlantHeight,0.169234496974999
Gymnocarpium dryopteris,PlantHeight,0.205303911
Hedysarum alpinum,PlantHeight,0.244948974
Heracleum maximum,PlantHeight,2.43
Heuchera cylindrica,PlantHeight,1.82
Hierochloe odorata,PlantHeight,0.350568382
Holodiscus discolor,PlantHeight,2.928841355
Hordeum jubatum,PlantHeight,0.411953429
Juncus effusus,PlantHeight,0.761216973
Juniperus communis,PlantHeight,3.041436552
Juniperus maritima,PlantHeight,15
Juniperus scopulorum,PlantHeight,11.4582573
Kalmia microphylla,PlantHeight,0.3
Lappula redowskii,PlantHeight,0.2
Larix laricina,PlantHeight,23.39932727
Larix occidentalis,PlantHeight,50.83738162
Lathyrus japonicus,PlantHeight,0.42837748
Lathyrus nevadensis,PlantHeight,0.886765187028521
Lathyrus ochroleucus,PlantHeight,0.9
Ledum glandulosum,PlantHeight,1.37
Ledum palustre subsp. groenlandicum,PlantHeight,0.622405257
Lewisia rediviva,PlantHeight,0.732563025874637
Leymus cinereus,PlantHeight,1.52
Leymus mollis,PlantHeight,1.21
Ligusticum scoticum,PlantHeight,0.52
Lilium columbianum,PlantHeight,0.978387769383892
Linnaea borealis,PlantHeight,0.17717347
Lithospermum ruderale,PlantHeight,0.45
Lomatium canbyi,PlantHeight,0.24
Lomatium cous,PlantHeight,0.24
Lomatium dissectum,PlantHeight,1.4
Lomatium nudicaule,PlantHeight,1.11620521442848
Lonicera ciliosa,PlantHeight,1.36165018935035
Lonicera involucrata,PlantHeight,3.04
Lupinus nootkatensis,PlantHeight,0.774596669
Lupinus polyphyllus,PlantHeight,1.159253422
Lycopodium clavatum,PlantHeight,0.126025349
Lysichiton americanus,PlantHeight,1.1
Lysimachia maritima,PlantHeight,0.116748461
Maianthemum dilatatum,PlantHeight,1.071954446
Maianthemum racemosum,PlantHeight,0.428900822349799
Malus fusca,PlantHeight,7.463799301
Mentha arvensis,PlantHeight,0.293615646
Menziesia ferruginea,PlantHeight,0.8
Moneses uniflora,PlantHeight,0.053078369
Monotropa uniflora,PlantHeight,0.384895640342569
Myrica gale,PlantHeight,1.411935754
Nicotiana attenuata,PlantHeight,0.285861654202574
Nicotiana quadrivalvis,PlantHeight,0.730236982206769
Nicotiana tabacum,PlantHeight,1.709378663
Nuphar lutea,PlantHeight,0.45
Oemleria cerasiformis,PlantHeight,1.949358869
Oenanthe sarmentosa,PlantHeight,1.03232089842716
Oplopanax horridus,PlantHeight,1.20501793515585
Opuntia fragilis,PlantHeight,0.645715489377462
Opuntia polyacantha,PlantHeight,0.6
Osmorhiza berteroi,PlantHeight,0.569510024872092
Osmorhiza occidentalis,PlantHeight,1.21
Oxalis oregana,PlantHeight,0.04
Oxyria digyna,PlantHeight,0.100040551
Paxistima myrsinites,PlantHeight,1
Penstemon fruticosus,PlantHeight,0.6
Perideridia gairdneri,PlantHeight,1.21
Petasites frigidus,PlantHeight,0.125
Phalaris arundinacea,PlantHeight,1.342179414
Philadelphus lewisii,PlantHeight,3.65
Phyllospadix iwatensis,PlantHeight,0.369801549803227
Physocarpus capitatus,PlantHeight,2.43
Physocarpus malvaceus,PlantHeight,1.792375154
Picea engelmannii,PlantHeight,35.29363732
Picea glauca,PlantHeight,25.8348762
Picea mariana,PlantHeight,19.76011127
Picea sitchensis,PlantHeight,55.11326253
Pinus albicaulis,PlantHeight,16.69885319
Pinus contorta,PlantHeight,21.37252117
Pinus monticola,PlantHeight,63.19708609
Pinus ponderosa,PlantHeight,38.30074011
Plantago major,PlantHeight,0.166581764
Plantago maritima,PlantHeight,0.192142876
Platanthera dilatata,PlantHeight,0.358454650193082
Polypodium vulgare,PlantHeight,0.247101082
Polystichum munitum,PlantHeight,1.06
Populus balsamifera,PlantHeight,18.33734857
Populus tremuloides,PlantHeight,16.70656374
Populus trichocarpa,PlantHeight,26.6390065
Potamogeton natans,PlantHeight,0.164993672
Potentilla anserina,PlantHeight,0.161387272
Potentilla anserina subsp. groenlandica,PlantHeight,0.247631624232955
Prunus emarginata,PlantHeight,7.151135165
Prunus pensylvanica,PlantHeight,11.10910705
Prunus virginiana,PlantHeight,5.99539284
Pseudotsuga menziesii,PlantHeight,65.27951123
Pteridium aquilinum,PlantHeight,1.611970256
Purshia tridentata,PlantHeight,1.82
Pyrola asarifolia,PlantHeight,0.23057095717401
Quercus garryana,PlantHeight,20.69145058
Ranunculus acris,PlantHeight,0.351530095
Ranunculus glaberrimus,PlantHeight,0.15
Ranunculus occidentalis,PlantHeight,1.10598157866878
Rhodiola rosea var. rosea,PlantHeight,0.662786293763284
Rhododendron albiflorum,PlantHeight,1.82
Rhus glabra,PlantHeight,2.847025404
Ribes aureum,PlantHeight,1.775443065
Ribes bracteosum,PlantHeight,0.8
Ribes cereum,PlantHeight,0.91
Ribes divaricatum,PlantHeight,3.2
Ribes glandulosum,PlantHeight,0.8
Ribes hudsonianum,PlantHeight,1.52
Ribes inerme,PlantHeight,2.43
Ribes lacustre,PlantHeight,0.91
Ribes laxiflorum,PlantHeight,0.8
Ribes oxyacanthoides,PlantHeight,1.12479851805286
Ribes sanguineum,PlantHeight,1.827626261
Ribes triste,PlantHeight,0.6
Rosa acicularis,PlantHeight,1.21
Rosa gymnocarpa,PlantHeight,0.91
Rosa nutkana,PlantHeight,3.04
Rosa pisocarpa,PlantHeight,0.91
Rosa woodsii,PlantHeight,0.995671983
Rubus arcticus,PlantHeight,0.3
Rubus chamaemorus,PlantHeight,0.103487298
Rubus idaeus,PlantHeight,0.939938363
Rubus leucodermis,PlantHeight,0.3
Rubus parviflorus,PlantHeight,1.475804865
Rubus pubescens,PlantHeight,1.26284059346956
Rubus spectabilis,PlantHeight,3.079363449
Rubus ursinus,PlantHeight,1.2
Rumex aquaticus,PlantHeight,1.074755854
Sagittaria cuneata,PlantHeight,0.79
Sagittaria latifolia,PlantHeight,1.49
Salix barclayi,PlantHeight,4.57
Salix bebbiana,PlantHeight,4.36592131
Salix discolor,PlantHeight,6.9828361
Salix exigua,PlantHeight,5.513619501
Salix hookeriana,PlantHeight,7.92
Salix lucida,PlantHeight,10.81287166
Salix scouleriana,PlantHeight,8.479071929
Salix sitchensis,PlantHeight,7.01
Sambucus nigra,PlantHeight,4.513290405
Sambucus racemosa,PlantHeight,2.439435479
Schoenoplectus acutus,PlantHeight,2.98
Schoenoplectus americanus,PlantHeight,0.530378367358488
Scirpus microcarpus,PlantHeight,1.246682581
Shepherdia canadensis,PlantHeight,1.82
Sium suave,PlantHeight,0.19909009512065
Solidago canadensis,PlantHeight,0.816947234
Sorbus scopulina,PlantHeight,4.052776826
Sorbus sitchensis,PlantHeight,4.713407504
Spiraea betulifolia,PlantHeight,0.91
Spiraea douglasii,PlantHeight,1.787456293
Stachys chamissonis,PlantHeight,1.07729854258335
Streptopus amplexifolius,PlantHeight,0.579889
Streptopus streptopoides,PlantHeight,0.618959518502122
Symphoricarpos albus,PlantHeight,1.560812225
Taxus brevifolia,PlantHeight,12.73489627
Thalictrum occidentale,PlantHeight,0.85268875333806
Thuja plicata,PlantHeight,48.29183056
Toxicodendron radicans,PlantHeight,2.774795068
Toxicoscordion venenosum,PlantHeight,0.977694256275362
Trifolium wormskioldii,PlantHeight,1.06
Triglochin maritima,PlantHeight,0.40165977
Trillium ovatum,PlantHeight,1.21235439569438
Triteleia grandiflora,PlantHeight,0.6
Tsuga heterophylla,PlantHeight,45.14083248
Tsuga mertensiana,PlantHeight,38.1
Typha latifolia,PlantHeight,1.525828105
Urtica dioica,PlantHeight,0.88302413
Vaccinium alaskaense,PlantHeight,2
Vaccinium caespitosum,PlantHeight,0.20215
Vaccinium membranaceum,PlantHeight,1.37
Vaccinium myrtilloides,PlantHeight,4.389760814
Vaccinium myrtillus,PlantHeight,0.223988528
Vaccinium ovalifolium,PlantHeight,2.43
Vaccinium ovatum,PlantHeight,2.43
Vaccinium oxycoccos,PlantHeight,0.444145533
Vaccinium parvifolium,PlantHeight,3.65
Vaccinium scoparium,PlantHeight,0.6
Vaccinium uliginosum,PlantHeight,0.172680858
Vaccinium vitis-idaea,PlantHeight,0.139586675
Valeriana edulis,PlantHeight,0.493320074356504
Valeriana sitchensis,PlantHeight,0.875512168152397
Veratrum viride,PlantHeight,0.980855274278306
Viburnum edule,PlantHeight,0.6
Viburnum opulus,PlantHeight,2.808383402
Vicia nigricans,PlantHeight,1.09893993315672
Viola adunca,PlantHeight,0.0298
Xerophyllum tenax,PlantHeight,1.52
Zostera marina,PlantHeight,0.547722558
Abies amabilis,DiasporeMass,45.5117
Abies grandis,DiasporeMass,17.579
Abies lasiocarpa,DiasporeMass,12.6603
Acer circinatum,DiasporeMass,73.9923
Acer glabrum,DiasporeMass,50.2945
Acer macrophyllum,DiasporeMass,130.5233
Achillea millefolium,DiasporeMass,0.1428
Achlys triphylla,DiasporeMass,5.5588
Actaea rubra,DiasporeMass,10.6851
Adiantum pedatum,DiasporeMass,2.23e-05
Agoseris glauca,DiasporeMass,1.1523
Allium cernuum,DiasporeMass,3.85
Allium geyeri,DiasporeMass,2.34
Allium schoenoprasum,DiasporeMass,0.8764
Alnus alnobetula subsp. crispa,DiasporeMass,0.35
Alnus alnobetula subsp. sinuata,DiasporeMass,6.78
Alnus incana subsp. tenuifolia,DiasporeMass,0.6077
Alnus rubra,DiasporeMass,0.8533
Amelanchier alnifolia,DiasporeMass,5.5447
Anaphalis margaritacea,DiasporeMass,0.0445
Anemone multifida,DiasporeMass,1.1785
Angelica lucida,DiasporeMass,5.89
Antennaria neglecta,DiasporeMass,0.0693
Anticlea elegans,DiasporeMass,0.52
Apocynum androsaemifolium,DiasporeMass,0.2289
Apocynum cannabinum,DiasporeMass,0.9519
Aquilegia formosa,DiasporeMass,1.3283
Aralia nudicaulis,DiasporeMass,5.905
Arbutus menziesii,DiasporeMass,92.6492
Arctostaphylos uva-ursi,DiasporeMass,11.325
Arctous alpina,DiasporeMass,0.138149252644201
Arnica cordifolia,DiasporeMass,1.4841
Artemisia dracunculus,DiasporeMass,0.115
Artemisia frigida,DiasporeMass,0.0711
Artemisia ludoviciana,DiasporeMass,0.1241
Artemisia tilesii,DiasporeMass,0.1386
Artemisia tridentata,DiasporeMass,0.6187
Aruncus dioicus,DiasporeMass,0.0881
Asclepias speciosa,DiasporeMass,6.9191
Aster conspicuus,DiasporeMass,0.57
Athyrium filix-femina,DiasporeMass,3.68e-05
Balsamorhiza sagittata,DiasporeMass,4.8273
Berberis nervosa,DiasporeMass,18.444
Betula nana,DiasporeMass,0.2214
Betula occidentalis,DiasporeMass,0.2168
Betula papyrifera,DiasporeMass,0.3278
Betula pumila,DiasporeMass,0.2184
Blechnum spicant,DiasporeMass,5.15e-06
Bromus carinatus,DiasporeMass,5.9079
Calamagrostis rubescens,DiasporeMass,0.17
Calochortus macrocarpus,DiasporeMass,2.24
Calypso bulbosa,DiasporeMass,6e-04
Camassia leichtlinii,DiasporeMass,9.35
Camassia quamash,DiasporeMass,3.989
Campanula rotundifolia,DiasporeMass,0.0546
Carex obnupta,DiasporeMass,0.3528
Carex rostrata,DiasporeMass,1.034
Castilleja hispida,DiasporeMass,0.3592
Castilleja miniata,DiasporeMass,0.2496
Ceanothus sanguineus,DiasporeMass,3.3747
Ceanothus velutinus,DiasporeMass,4.8155
Chenopodium capitatum,DiasporeMass,0.2284
Chimaphila umbellata,DiasporeMass,0.436664877401204
Cicuta douglasii,DiasporeMass,2.9335
Cicuta virosa,DiasporeMass,1.036
Cirsium arvense,DiasporeMass,1.6595
Cirsium brevistylum,DiasporeMass,1.5792
Cirsium undulatum,DiasporeMass,5.4403
Cirsium vulgare,DiasporeMass,2.6402
Claytonia lanceolata,DiasporeMass,1.11
Claytonia sibirica,DiasporeMass,1.1796
Clematis columbiana,DiasporeMass,5.33
Clematis ligusticifolia,DiasporeMass,2.8439
Clematis occidentalis,DiasporeMass,5.27
Clintonia uniflora,DiasporeMass,4.9629
Comandra umbellata,DiasporeMass,89.12
Comarum palustre,DiasporeMass,0.4222
Cornus canadensis,DiasporeMass,8.7106
Cornus nuttallii,DiasporeMass,91.8359
Cornus sericea,DiasporeMass,25.7526
Cornus suecica,DiasporeMass,3.42
Corylus cornuta,DiasporeMass,472.6113
Crataegus douglasii,DiasporeMass,22.1203
Cupressus nootkatensis,DiasporeMass,4.184
Dasiphora fruticosa,DiasporeMass,0.1909
Delphinium nuttallianum,DiasporeMass,0.4033
Dicentra formosa,DiasporeMass,1.4209
Dodecatheon hendersonii,DiasporeMass,1.1493
Dodecatheon jeffreyi,DiasporeMass,0.53
Dodecatheon meadia,DiasporeMass,0.5695
Dodecatheon pulchellum,DiasporeMass,0.3836
Drosera anglica,DiasporeMass,0.0213
Drosera rotundifolia,DiasporeMass,0.0129
Dryopteris expansa,DiasporeMass,3.68e-05
Elaeagnus commutata,DiasporeMass,119.1724
Elymus spicatus,DiasporeMass,3.8679
Empetrum nigrum,DiasporeMass,0.9796
Epilobium angustifolium,DiasporeMass,0.0655
Equisetum arvense,DiasporeMass,2.2e-05
Equisetum hyemale,DiasporeMass,2.2e-05
Equisetum telmateia,DiasporeMass,2.2e-05
Ericameria nauseosa,DiasporeMass,0.69
Eriophorum angustifolium,DiasporeMass,0.4922
Erythronium grandiflorum,DiasporeMass,4.0602
Fragaria chiloensis,DiasporeMass,0.74
Fragaria vesca,DiasporeMass,0.3229
Fragaria virginiana,DiasporeMass,0.4771
Frangula purshiana,DiasporeMass,37.9936
Fritillaria affinis,DiasporeMass,2.2
Fritillaria pudica,DiasporeMass,2.3157
Gaillardia aristata,DiasporeMass,8.5401
Galium aparine,DiasporeMass,7.7522
Galium triflorum,DiasporeMass,0.7321
Gaultheria shallon,DiasporeMass,0.1191
Geranium viscosissimum,DiasporeMass,8.4895
Geum macrophyllum,DiasporeMass,1.5367
Geum triflorum,DiasporeMass,0.6286
Goodyera oblongifolia,DiasporeMass,0.0014
Gymnocarpium dryopteris,DiasporeMass,2.2e-05
Hedysarum alpinum,DiasporeMass,6.0681
Heracleum maximum,DiasporeMass,6.5386
Heuchera cylindrica,DiasporeMass,0.05
Hierochloe odorata,DiasporeMass,1.1152
Holodiscus discolor,DiasporeMass,0.1134
Hordeum jubatum,DiasporeMass,1.6304
Juncus effusus,DiasporeMass,0.0166
Juniperus communis,DiasporeMass,11.7085
Juniperus maritima,DiasporeMass,20.9866136363309
Juniperus scopulorum,DiasporeMass,15.7658
Kalmia microphylla,DiasporeMass,0.01
Lappula redowskii,DiasporeMass,0.4
Larix laricina,DiasporeMass,1.5223
Larix occidentalis,DiasporeMass,3.2729
Lathyrus japonicus,DiasporeMass,31.9982
Lathyrus nevadensis,DiasporeMass,16.7
Lathyrus ochroleucus,DiasporeMass,16.64
Ledum glandulosum,DiasporeMass,5.02885960694265
Ledum palustre subsp. groenlandicum,DiasporeMass,0.0126
Lewisia rediviva,DiasporeMass,2.611
Leymus cinereus,DiasporeMass,3.0444
Leymus mollis,DiasporeMass,1.93619957257016
Ligusticum scoticum,DiasporeMass,3.7199
Lilium columbianum,DiasporeMass,2.55
Linnaea borealis,DiasporeMass,1.1894
Lithospermum ruderale,DiasporeMass,10.2411
Lomatium canbyi,DiasporeMass,4.5796
Lomatium cous,DiasporeMass,4.52
Lomatium dissectum,DiasporeMass,13.9235
Lomatium nudicaule,DiasporeMass,15.6694
Lonicera ciliosa,DiasporeMass,12.21
Lonicera involucrata,DiasporeMass,1.517
Lupinus nootkatensis,DiasporeMass,21.5444
Lupinus polyphyllus,DiasporeMass,22.4556
Lycopodium clavatum,DiasporeMass,9.41e-06
Lysichiton americanus,DiasporeMass,54.5368
Lysimachia maritima,DiasporeMass,0.3888
Maianthemum dilatatum,DiasporeMass,24.7677
Maianthemum racemosum,DiasporeMass,32.1827
Malus fusca,DiasporeMass,9.5443
Mentha arvensis,DiasporeMass,0.1483
Menziesia ferruginea,DiasporeMass,6.33612183567075
Moneses uniflora,DiasporeMass,0.002
Monotropa uniflora,DiasporeMass,0.0645539047362722
Myrica gale,DiasporeMass,1.1498
Nicotiana attenuata,DiasporeMass,0.13
Nicotiana quadrivalvis,DiasporeMass,0.11
Nicotiana tabacum,DiasporeMass,0.0428
Nuphar lutea,DiasporeMass,48.0206
Oemleria cerasiformis,DiasporeMass,181.5331
Oenanthe sarmentosa,DiasporeMass,2.7279
Oplopanax horridus,DiasporeMass,18.64
Opuntia fragilis,DiasporeMass,21.6208
Opuntia polyacantha,DiasporeMass,7.4187
Osmorhiza berteroi,DiasporeMass,5.88
Osmorhiza occidentalis,DiasporeMass,13.2701
Oxalis oregana,DiasporeMass,3.5683
Oxyria digyna,DiasporeMass,0.6359
Paxistima myrsinites,DiasporeMass,1.44745723971814
Penstemon fruticosus,DiasporeMass,0.6571
Perideridia gairdneri,DiasporeMass,0.8769
Petasites frigidus,DiasporeMass,0.7968
Phalaris arundinacea,DiasporeMass,0.669
Philadelphus lewisii,DiasporeMass,0.0992
Phyllospadix iwatensis,DiasporeMass,0.212552264001245
Physocarpus capitatus,DiasporeMass,0.7306
Physocarpus malvaceus,DiasporeMass,0.6548
Picea engelmannii,DiasporeMass,3.2352
Picea glauca,DiasporeMass,2.4515
Picea mariana,DiasporeMass,1.1325
Picea sitchensis,DiasporeMass,2.3678
Pinus albicaulis,DiasporeMass,144.2337
Pinus contorta,DiasporeMass,4.2359
Pinus monticola,DiasporeMass,18.0794
Pinus ponderosa,DiasporeMass,35.7087
Plantago major,DiasporeMass,0.2197
Plantago maritima,DiasporeMass,0.5613
Platanthera dilatata,DiasporeMass,0.03
Polypodium vulgare,DiasporeMass,0.000412376543030303
Polystichum munitum,DiasporeMass,1.94e-05
Populus balsamifera,DiasporeMass,1.0156
Populus tremuloides,DiasporeMass,0.117
Populus trichocarpa,DiasporeMass,1.75992716371337
Potamogeton natans,DiasporeMass,5.7488
Potentilla anserina,DiasporeMass,0.5916
Potentilla anserina subsp. groenlandica,DiasporeMass,0.98
Prunus emarginata,DiasporeMass,43.3912
Prunus pensylvanica,DiasporeMass,39.0131
Prunus virginiana,DiasporeMass,65.8145
Pseudotsuga menziesii,DiasporeMass,12.6048
Pteridium aquilinum,DiasporeMass,2.2e-05
Purshia tridentata,DiasporeMass,23.6005
Pyrola asarifolia,DiasporeMass,0.007
Quercus garryana,DiasporeMass,4405.2792
Ranunculus acris,DiasporeMass,1.4466
Ranunculus glaberrimus,DiasporeMass,4.7958
Ranunculus occidentalis,DiasporeMass,2.4886
Rhodiola rosea var. rosea,DiasporeMass,0.15
Rhododendron albiflorum,DiasporeMass,0.0812
Rhus glabra,DiasporeMass,8.3723
Ribes aureum,DiasporeMass,2.3226
Ribes bracteosum,DiasporeMass,6.33612183567075
Ribes cereum,DiasporeMass,1.7009
Ribes divaricatum,DiasporeMass,2.06
Ribes glandulosum,DiasporeMass,7.59241488457287
Ribes hudsonianum,DiasporeMass,0.5273
Ribes inerme,DiasporeMass,1.4998
Ribes lacustre,DiasporeMass,0.8954
Ribes laxiflorum,DiasporeMass,6.33612183567075
Ribes oxyacanthoides,DiasporeMass,1.22
Ribes sanguineum,DiasporeMass,2.4805
Ribes triste,DiasporeMass,2.1
Rosa acicularis,DiasporeMass,12.4362
Rosa gymnocarpa,DiasporeMass,19.8729
Rosa nutkana,DiasporeMass,11.8379
Rosa pisocarpa,DiasporeMass,4.6664
Rosa woodsii,DiasporeMass,7.9235
Rubus arcticus,DiasporeMass,1.67
Rubus chamaemorus,DiasporeMass,8.0548
Rubus idaeus,DiasporeMass,1.7657
Rubus leucodermis,DiasporeMass,0.9941
Rubus parviflorus,DiasporeMass,1.1531
Rubus pubescens,DiasporeMass,3.88879590689438
Rubus spectabilis,DiasporeMass,3.158
Rubus ursinus,DiasporeMass,1.9077
Rumex aquaticus,DiasporeMass,2.1067
Sagittaria cuneata,DiasporeMass,1.1629
Sagittaria latifolia,DiasporeMass,6.75
Salix barclayi,DiasporeMass,2.44093588123966
Salix bebbiana,DiasporeMass,0.18
Salix discolor,DiasporeMass,0.32
Salix exigua,DiasporeMass,0.0621
Salix hookeriana,DiasporeMass,0.399836616978981
Salix lucida,DiasporeMass,0.0825
Salix scouleriana,DiasporeMass,0.0624
Salix sitchensis,DiasporeMass,0.0621
Sambucus nigra,DiasporeMass,3.1067
Sambucus racemosa,DiasporeMass,1.8391
Schoenoplectus acutus,DiasporeMass,2.19
Schoenoplectus americanus,DiasporeMass,1.6931
Scirpus microcarpus,DiasporeMass,0.1082
Shepherdia canadensis,DiasporeMass,8.1352
Sium suave,DiasporeMass,0.8
Solidago canadensis,DiasporeMass,0.0752
Sorbus scopulina,DiasporeMass,3.0406
Sorbus sitchensis,DiasporeMass,3.222
Spiraea betulifolia,DiasporeMass,0.2917
Spiraea douglasii,DiasporeMass,0.1532
Stachys chamissonis,DiasporeMass,1.95
Streptopus amplexifolius,DiasporeMass,2.0416
Streptopus streptopoides,DiasporeMass,4.25064838136893
Symphoricarpos albus,DiasporeMass,6.742
Taxus brevifolia,DiasporeMass,29.9289
Thalictrum occidentale,DiasporeMass,3.7
Thuja plicata,DiasporeMass,1.2858
Toxicodendron radicans,DiasporeMass,16.6746
Toxicoscordion venenosum,DiasporeMass,2.4591
Trifolium wormskioldii,DiasporeMass,0.6956
Triglochin maritima,DiasporeMass,0.5842
Trillium ovatum,DiasporeMass,11.42
Triteleia grandiflora,DiasporeMass,1.2
Tsuga heterophylla,DiasporeMass,1.7356
Tsuga mertensiana,DiasporeMass,3.9083
Typha latifolia,DiasporeMass,0.0576
Urtica dioica,DiasporeMass,0.1399
Vaccinium alaskaense,DiasporeMass,2.202902559135
Vaccinium caespitosum,DiasporeMass,0.1016
Vaccinium membranaceum,DiasporeMass,0.1604
Vaccinium myrtilloides,DiasporeMass,0.2
Vaccinium myrtillus,DiasporeMass,0.2917
Vaccinium ovalifolium,DiasporeMass,0.2734
Vaccinium ovatum,DiasporeMass,0.857891099225303
Vaccinium oxycoccos,DiasporeMass,0.717
Vaccinium parvifolium,DiasporeMass,0.1895
Vaccinium scoparium,DiasporeMass,1.6176
Vaccinium uliginosum,DiasporeMass,0.2143
Vaccinium vitis-idaea,DiasporeMass,0.3088
Valeriana edulis,DiasporeMass,4.94284057469007
Valeriana sitchensis,DiasporeMass,1.7373
Veratrum viride,DiasporeMass,1.33
Viburnum edule,DiasporeMass,34.6917
Viburnum opulus,DiasporeMass,27.4292
Vicia nigricans,DiasporeMass,89.8393
Viola adunca,DiasporeMass,0.79
Xerophyllum tenax,DiasporeMass,2.0447
Zostera marina,DiasporeMass,4.27541817164018
